SMILES,Drug_name
BrBr,Bromine
BrC1=CC=C(Br)C=C1,"1,4-Dibromobenzene"
BrC1=CC=CC=C1,Bromobenzene
BrCC1=CC=CC2=CC=CC=C12,1-(Bromomethyl)naphthalene
C#CC1=CC=CC=C1,Phenylacetylene
C#C[C@]1(O)CC[C@H]2[C@@H]3CCC4=CC(O)=CC=C4[C@H]3CC[C@@]21C,Ethinylestradiol
C(=C/C1=CC=CC=C1)\CN1CCN(C(C2=CC=CC=C2)C2=CC=CC=C2)CC1,Unknown
C(=CC1=CC=NC=C1)C1=CC=NC=C1,"Pyridine, 4,4'-(1,2-ethenediyl)bis-"
C(=NN=CC1=CC=NC=C1)C1=CC=NC=C1,"1,4-Bis(4-pyridyl)-2,3-diaza-1,3-butadiene"
C/C1=N\C2=CC=CC=C2SC=CCC2=CC=CC=C12,Unknown
C/C=C/C1=CC=C(O)C(OC)=C1,Unknown
C/C=C/C1=CC=C(OC)C=C1,Unknown
C/C=C/C=C/C(=O)O,Unknown
C1=CC(C2=CC=[N+](CCCCCCCCCCCC[N+]3=CC=NC=C3)C=C2)=CC=N1,Unknown
C1=CC(C2=CC=[N+](CCCCCCCCCCC[N+]3=CC=NC=C3)C=C2)=CC=N1,Unknown
C1=CC(C2=CC=[N+](CCCCCCCCCC[N+]3=CC=NC=C3)C=C2)=CC=N1,Unknown
C1=CC(C2=CC=[N+](CCCCCCCCC[N+]3=CC=NC=C3)C=C2)=CC=N1,Unknown
C1=CC2=C3C(=CC=CC3=C1)CC2,Acenaphthene
C1=CC2=CC=C3C=CC=C4C=CC(=C1)C2=C34,Pyrene
C1=CC2=CC=CC3=CC=CC1=C23,Acenaphthylene
C1=CC=C(C/C(=N/NC2=CC=C3C=CC=CC3=N2)C2=CC=CC=N2)C=C1,Unknown
C1=CC=C(C2(N3CCCCC3)CCCCC2)C=C1,Phencyclidine
C1=CC=C(C2=CC=CC=C2)C=C1,Biphenyl
C1=CC=C(C2=CC=CN=C2)C=C1,3-Phenylpyridine
C1=CC=C(C2=CC=NC=C2)C=C1,4-Phenylpyridine
C1=CC=C(C2=CC=NC=N2)C=C1,4-Phenylpyrimidine
C1=CC=C(CC2=CC=NC=C2)C=C1,4-Benzylpyridine
C1=CC=C(CC2=NCCN2)C=C1,Tolazoline
C1=CC=C(CC2CC[NH2+]CC2)C=C1,4-Benzylpiperidin-1-ium
C1=CC=C(CCN2C3=CC=CC=C3SC3=CC=CC=C32)C=C1,10-Phenethyl-10H-phenothiazine
C1=CC=C(CN2C3=CC=CC=C3SC3=CC=CC=C32)C=C1,10-Benzyl-10H-phenothiazine
C1=CC=C(CN2C=CN=C2)C=C1,1-Benzylimidazole
C1=CC=C(COC[C@@H]2CO2)C=C1,(+)-Benzyl glycidyl ether
C1=CC=C(COC[C@H]2CO2)C=C1,(-)-Benzyl (R)-glycidyl ether
C1=CC=C(N2C3=CC=CC=C3SC3=CC=CC=C32)C=C1,10-Phenylphenothiazine
C1=CC=C(N2C=CC=C2)C=C1,1-Phenylpyrrole
C1=CC=C(NC2=CC=CC=C2)C=C1,Diphenylamine
C1=CC=C([As+](C2=CC=CC=C2)(C2=CC=CC=C2)C2=CC=CC=C2)C=C1,Tetraphenylarsonium
C1=CC=C([B-](C2=CC=CC=C2)(C2=CC=CC=C2)C2=CC=CC=C2)C=C1,Tetraphenylborate
C1=CC=C([P+](C2=CC=CC=C2)(C2=CC=CC=C2)C2=CC=CC=C2)C=C1,Tetraphenylphosphonium
C1=CC=C2C(=C1)C1=CC=CC3=C1C2=CC=C3,Fluoranthene
C1=CC=C2C(=C1)C=C1C=CC3=CC=CC4=CC=C2C1=C34,Benzo[a]pyrene
C1=CC=C2C(=C1)C=CC1=CC=CC=C12,Phenanthrene
C1=CC=C2C(=C1)C=NC1=CC=CC=C12,Phenanthridine
C1=CC=C2C(=C1)CC1=CC=CC=C12,Fluorene
C1=CC=C2C(=C1)NC1=CC=CC=C12,Carbazole
C1=CC=C2C(=C1)OC1=CC=CC=C12,Dibenzofuran
C1=CC=C2C(=C1)SC1=CC=CC=C12,Dibenzothiophene
C1=CC=C2C=C3C(=CC2=C1)C=CC1=CC=CC=C13,BENZ(a)ANTHRACENE
C1=CC=C2C=C3C=C4C=CC=CC4=CC3=CC2=C1,Naphthacene
C1=CC=C2C=C3C=CC=CC3=CC2=C1,Anthracene
C1=CC=C2C=CC=C2C=C1,Azulene
C1=CC=C2C=CC=CC2=C1,Naphthalene
C1=CC=C2N=C3C=CC=CC3=CC2=C1,Acridine
C1=CC=C2N=C3C=CC=CC3=NC2=C1,Phenazine
C1=CC=C2N=CC=CC2=C1,Quinoline
C1=CC=C2NC=CC2=C1,Indole
C1=CC=C2OC3=CC=CC=C3CC2=C1,Xanthene
C1=CC=C2OC3=CC=CC=C3NC2=C1,Phenoxazine
C1=CC=C2SC3=CC=CC=C3NC2=C1,Phenothiazine
C1=CC=C2SC3=CC=CC=C3SC2=C1,Thianthrene
C1=CC=C2SC=CC2=C1,Benzo(B)Thiophene
C1=CC=C2SC=NC2=C1,Benzothiazole
C1=CC=CC=C1,Benzene
C1=CC=NC=C1,Pyridine
C1=NC=CC(C2=CC=NC=C2)=C1,"4,4'-Bipyridine"
C1=NC=CC(C2=CC=[N+](CCCCCCCCCCCC[N+]3=CC=C(C4=CC=NC=C4)C=C3)C=C2)=C1,4-Pyridin-4-yl-1-[12-(4-pyridin-4-ylpyridin-1-ium-1-yl)dodecyl]pyridin-1-ium
C1=NC=CC(C2=CC=[N+](CCCCCCCCCCC[N+]3=CC=C(C4=CC=NC=C4)C=C3)C=C2)=C1,4-Pyridin-4-yl-1-[11-(4-pyridin-4-ylpyridin-1-ium-1-yl)undecyl]pyridin-1-ium
C1=NC=CC(C2=CC=[N+](CCCCCCCCCC[N+]3=CC=C(C4=CC=NC=C4)C=C3)C=C2)=C1,4-Pyridin-4-yl-1-[10-(4-pyridin-4-ylpyridin-1-ium-1-yl)decyl]pyridin-1-ium
C1=NC=CC(C2=CC=[N+](CCCCCCCCC[N+]3=CC=C(C4=CC=NC=C4)C=C3)C=C2)=C1,4-pyridin-4-yl-1-[9-(4-pyridin-4-ylpyridin-1-ium-1-yl)nonyl]pyridin-1-ium
C1=NC=CC(CCC2=CC=NC=C2)=C1,"1,2-Bis(4-pyridyl)ethane"
C1=NC=C[N+](CCCCCCCCCCCC[N+]2=CC=NC=C2)=C1,Unknown
C1=NC=C[N+](CCCCCCCCCCC[N+]2=CC=NC=C2)=C1,Unknown
C1=NC=C[N+](CCCCCCCCCC[N+]2=CC=NC=C2)=C1,Unknown
C1=NC=C[N+](CCCCCCCCC[N+]2=CC=NC=C2)=C1,Unknown
C1CCCCC1,Cyclohexane
C1CCCCCC1,Cycloheptane
C1CCCCCCC1,Cyclooctane
C1CCCCCCCCC1,Cyclodecane
C=C(C)C1CC=C(C)CC1,1-Methyl-4-Prop-1-En-2-Ylcyclohexene
C=C(C)[C@@H]1CCC2=CC(=O)C[C@@H](C)[C@]2(C)C1,(+)-Nootkatone
C=C(C)[C@@H]1CCC2=CCC[C@@H](C)[C@]2(C)C1,Valencene
C=C/C(C)=C/CC=C(C)C,Unknown
C=C/C(C)=C\CC=C(C)C,Unknown
C=C1C(=O)C2=C(C(=O)[C@H]1N)[C@@H](COC(N)=O)[C@]1(OC)[C@H]3N[C@H]3CN21,Unknown
C=C1C2=CC=C(N)C=C2C(=C)N1C(C)(C)C,Unknown
C=C1C2CCC(C2)C1(C)C,Camphene
C=C1CC/C=C(\C)CC[C@@H]2[C@@H]1CC2(C)C,Unknown
C=C1CCC2C(C3C(C)CCC13)C2(C)C,"1H-Cycloprop(e)azulene, decahydro-1,1,7-trimethyl-4-methylene-, (1aR-(1aalpha,4abeta,7alpha,7abeta,7balpha))-"
C=C1CCC2CC1C2(C)C,Beta-Pinene
C=C1C[C@H]2[C@H]3CCC4=CC(=O)CC[C@@H]4[C@@H]3CC[C@@]2(C)[C@]1(OC(C)=O)C(C)=O,Unknown
C=CC(=C)CCC=C(C)C,Myrcene
C=CC(C)(O)CCC=C(C)C,Linalool
C=CC1=CC=CC=C1,Styrene
C=CCC1(C(C)CCC)C(=O)NC(=O)NC1=O,Secobarbital
C=CCC1=CC(OC)=C(OC)C=C1OC,gamma-Asarone
C=CCC1=CC=C(O)C(C2=CC(CC=C)=CC=C2O)=C1,Magnolol
C=CCC1=CC=C(O)C(C2=CC=C(O)C(CC=C)=C2)=C1,Honokiol
C=CCC1=CC=C(O)C(OC)=C1,Eugenol
C=CCC1=CC=C(OC)C=C1,Estragole
C=CCC1=CC=CC=C1,Allylbenzene
C=CCC1=CC=CC=C1N,"Benzenamine, 2-(2-propenyl)-"
C=CCCCCC(=O)[O-],6-Heptenoate
C=C[C@H]1CN2CC[C@H]1C[C@@H]2[C@@H](O)C1=CC=NC2=CC=C(OC)C=C12,Quinidine
C=C[C@H]1CN2CC[C@H]1C[C@H]2[C@@H](O)C1=CC=NC2=CC=C(OC)C=C12,Epiquinine
C=C[C@H]1CN2CC[C@H]1C[C@H]2[C@@H](O)C1=CC=NC2=CC=CC=C12,Epicinchonidine
C=C[C@H]1CN2CC[C@H]1C[C@H]2[C@H](O)C1=CC=NC2=CC=C(OC)C=C12,Quinine
C=C[C@]1(C)CN2CC[C@H]1C[C@H]2[C@H](O)C1=CC=NC2=CC=C(OC)C=C12,Unknown
C=C[C@]1(C)CN2CC[C@H]1C[C@H]2[C@H](O)C1=CC=NC2=CC=CC=C12,Unknown
CC(=O)/C(C)=C/C1C(C)=CCCC1(C)C,Unknown
CC(=O)/C=C/C1=CC=CC=C1,Unknown
CC(=O)C1=CC=C(N2C=CN=C2)C=C1,1-(4-(1H-Imidazol-1-yl)phenyl)ethanone
CC(=O)C1=CC=C(O)C=C1,4'-Hydroxyacetophenone
CC(=O)C1=CC=C(S(=O)(=O)NC(=O)NC2CCCCC2)C=C1,Acetohexamide
CC(=O)C1=CC=C2C=CC=CC2=C1,2-Acetylnaphthalene
CC(=O)C1=CC=C2SC3=CC=CC=C3OC2=C1,3-Acetylphenoxathiin
CC(=O)C1=CC=CC(O)=C1,3-Hydroxyacetophenone
CC(=O)C1=CC=CC=C1,Acetophenone
CC(=O)C=CC1=C(C)CCCC1(C)C,"4-(2,6,6-Trimethyl-1-cyclohexen-1-yl)-3-buten-2-one"
CC(=O)C=CC1=CC=CC=C1,4-Phenyl-3-Buten-2-one
CC(=O)CC(C1=CC=C([N+](=O)[O-])C=C1)C1=C(O)C2=CC=CC=C2OC1=O,Acenocoumarol
CC(=O)CC(C1=CC=CC=C1)C1=C(O)C2=CC=CC=C2OC1=O,Warfarin
CC(=O)C[C@@H](C1=CC=CC=C1)C1=C(O)C2=CC=CC=C2OC1=O,(S)-Warfarin
CC(=O)C[C@H](C1=CC=CC=C1)C1=C([O-])C2=CC=CC=C2OC1=O,2-oxo-3-[(1R)-3-oxo-1-phenylbutyl]-2H-1-benzopyran-4-olate
CC(=O)NC(CC(C)(C)SN=O)C(=O)O,2-Acetamido-4-methyl-4-nitrososulfanylpentanoic acid
CC(=O)NC1=CC=C(O)C=C1,Acetaminophen
CC(=O)NC1=CC=CC2=CC=CC=C12,"Acetamide, N-1-naphthalenyl-"
CC(=O)NC1=CC=CC=C1,Acetanilide
CC(=O)NC1=NN=C(S(N)(=O)=O)S1,Acetazolamide
CC(=O)N[C@@H](CC1=CC=C(O)C=C1)C(=O)O,N-Acetyl-L-tyrosine
CC(=O)N[C@@H](CC1=CC=C(O)C=C1)C(=O)[O-],(2S)-2-acetamido-3-(4-hydroxyphenyl)propanoate
CC(=O)N[C@H](C(=O)O)C(C)(C)SN=O,(2R)-2-acetamido-3-methyl-3-nitrososulfanylbutanoic acid
CC(=O)N[C@H](CC1=CC=C(O)C=C1)C(=O)O,N-Acetyl-D-tyrosine
CC(=O)N[C@H](CC1=CC=C(O)C=C1)C(=O)[O-],(2R)-2-acetamido-3-(4-hydroxyphenyl)propanoate
CC(=O)OC1=CC(C)=C(C)C(C)=C1,"3,4,5-Trimethylphenyl acetate"
CC(=O)OC1=CC(C)=CC(C)=C1,"Acetic acid 3,5-dimethyl-phenyl ester"
CC(=O)OC1=CC(Cl)=CC(Cl)=C1,"3,5-Dichlorophenyl acetate"
CC(=O)OC1=CC=C(Br)C=C1,"Phenol, 4-bromo-, 1-acetate"
CC(=O)OC1=CC=C(C(=O)O)C=C1[N+](=O)[O-],4-(Acetyloxy)-3-nitrobenzoic acid
CC(=O)OC1=CC=C(C(C)(C)C)C=C1,"Phenol, 4-(1,1-dimethylethyl)-, 1-acetate"
CC(=O)OC1=CC=C(C(C)C)C=C1,"Phenol, 4-(1-methylethyl)-, 1-acetate"
CC(=O)OC1=CC=C(C)C=C1,4-Methylphenyl acetate
CC(=O)OC1=CC=C(Cl)C=C1,4-Chlorophenyl Acetate
CC(=O)OC1=CC=C(F)C=C1,4-Fluorophenyl acetate
CC(=O)OC1=CC=C(I)C=C1,4-Iodophenylacetate
CC(=O)OC1=CC=C([N+](=O)[O-])C=C1,4-Nitrophenyl Acetate
CC(=O)OC1=CC=C2C=CC=CC2=C1,2-Naphthyl acetate
CC(=O)OC1=CC=CC(Br)=C1,"Phenol, 3-bromo-, 1-acetate"
CC(=O)OC1=CC=CC(C(C)(C)C)=C1,m-Tert-butylphenyl acetate
CC(=O)OC1=CC=CC(C(C)C)=C1,"Phenol, 3-(1-methylethyl)-, acetate"
CC(=O)OC1=CC=CC(C)=C1,Cresatin
CC(=O)OC1=CC=CC(CC(C)C)=C1,[3-(2-Methylpropyl)phenyl] acetate
CC(=O)OC1=CC=CC(Cl)=C1,3-Chlorophenyl acetate
CC(=O)OC1=CC=CC(I)=C1,3-Iodophenyl acetate
CC(=O)OC1=CC=CC([N+](=O)[O-])=C1,3-Nitrophenyl acetate
CC(=O)OC1=CC=CC2=CC=CC=C12,1-Naphthyl acetate
CC(=O)OC1=CC=CC=C1,Phenyl acetate
CC(=O)OC1=CC=CC=C1C(=O)O,Aspirin
CC(=O)OCC(=O)C1(O)C(C)CC2C3CCC4=CC(=O)C=CC4(C)C3(F)C(O)CC21C,"9-Fluoro-11,17-dihydroxy-16-methyl-3,20-dioxopregna-1,4-dien-21-yl acetate"
CC(=O)OCC(=O)[C@@]1(O)CC[C@H]2[C@@H]3CCC4=CC(=O)C=C[C@]4(C)[C@H]3[C@@H](O)C[C@@]21C,Prednisolone Acetate
CC(=O)OCC(=O)[C@@]1(O)CC[C@H]2[C@@H]3CCC4=CC(=O)CC[C@]4(C)[C@H]3C(=O)C[C@@]21C,Cortisone Acetate
CC(=O)OCC(=O)[C@@]1(O)CC[C@H]2[C@@H]3CCC4=CC(=O)CC[C@]4(C)[C@H]3[C@@H](O)C[C@@]21C,Hydrocortisone Acetate
CC(=O)OCC(=O)[C@@]1(O)[C@H](C)C[C@H]2[C@@H]3CCC4=CC(=O)C=C[C@]4(C)[C@@]3(F)[C@@H](O)C[C@@]21C,Dexamethasone Acetate
CC(=O)OCC(=O)[C@@]1(O)[C@H](OC(C)=O)C[C@H]2[C@@H]3CCC4=CC(=O)C=C[C@]4(C)[C@@]3(F)[C@@H](O)C[C@@]21C,Triamcinolone Diacetate
CC(=O)OCC(=O)[C@]1(O)CC[C@H]2[C@@H]3CCC4=CC(=O)C=C[C@@]4(C)[C@H]3[C@@H](O)C[C@@H]21,Unknown
CC(=O)OCC(=O)[C@]1(O)CC[C@H]2[C@@H]3CCC4=CC(=O)CC[C@@]4(C)[C@H]3C(=O)C[C@]21C,Unknown
CC(=O)OCC(=O)[C@]1(O)CC[C@H]2[C@@H]3CCC4=CC(=O)CC[C@@]4(C)[C@H]3[C@@H](O)C[C@]21C,Unknown
CC(=O)OCC(=O)[C@]1(O)[C@H](OC(C)=O)C[C@H]2[C@@H]3CCC4=CC(=O)C=C[C@@]4(C)[C@]3(F)[C@@H](O)C[C@]21C,"[2-[(8S,9S,10R,11S,13R,14S,16R,17R)-16-acetyloxy-9-fluoro-11,17-dihydroxy-10,13-dimethyl-3-oxo-6,7,8,11,12,14,15,16-octahydrocyclopenta[a]phenanthren-17-yl]-2-oxoethyl] acetate"
CC(=O)ON[C@@H](CC1=CC=CC=C1)C(=O)OC1=CC=C([N+](=O)[O-])C=C1,Unknown
CC(=O)ON[C@@](C)(CC1=CC=CC=C1)C(=O)OC1=CC=CC([N+](=O)[O-])=C1,Unknown
CC(=O)ON[C@H](CC1=CC=CC=C1)C(=O)OC1=CC=C([N+](=O)[O-])C=C1,Unknown
CC(=O)ON[C@](C)(CC1=CC=CC=C1)C(=O)OC1=CC=CC([N+](=O)[O-])=C1,Unknown
CC(=O)S[C@H]1CC2=CC(=O)CC[C@@]2(C)[C@H]2CC[C@]3(C)[C@@H](CC[C@@]34CCC(=O)O4)[C@@H]12,"S-[(7S,8S,9S,10S,13R,14S,17R)-10,13-dimethyl-3,5'-dioxospiro[2,6,7,8,9,11,12,14,15,16-decahydro-1H-cyclopenta[a]phenanthrene-17,2'-oxolane]-7-yl] ethanethioate"
CC(=O)[C@H]1CC[C@H]2[C@@H]3CCC4=CC(=O)CC[C@@]4(C)[C@H]3CC[C@@]12C,"(8S,9S,10S,13R,14S,17S)-17-acetyl-10,13-dimethyl-1,2,6,7,8,9,11,12,14,15,16,17-dodecahydrocyclopenta[a]phenanthren-3-one"
CC(=O)[C@H]1CC[C@H]2[C@@H]3CCC4=CC(=O)CC[C@]4(C)[C@H]3CC[C@]12C,Progesterone
CC(C(=O)O)C1=CC=C(C2=CC=CC=C2)C(F)=C1,Flurbiprofen
CC(C(=O)O)C1=CC=C(C2=CC=CC=C2)C=C1F,Flurbiprofen Impurity 50
CC(C(=O)O)C1=CC=C(N2CC3=CC=CC=C3C2=O)C=C1,Indoprofen
CC(C(=O)O)C1=CC=C2C(=C1)NC1=CC=C(Cl)C=C12,Carprofen
CC(C(=O)O)C1=CC=CC(C(=O)C2=CC=CC=C2)=C1,Ketoprofen
CC(C)(C)C1=CC(O)=CC=C1N=NC1=CC=C(C(=O)O)C=C1,Unknown
CC(C)(C)C1=CC=C(O)C=C1,4-tert-Butylphenol
CC(C)(C)C1=CC=CC(O)=C1,"Phenol, 3-(1,1-dimethylethyl)-"
CC(C)(C)C1=CC=NC=C1,4-tert-Butylpyridine
CC(C)(C)CO,Neopentyl alcohol
CC(C)(C)N1C(=O)C2=CC=C(N)C=C2C1=O,"5-Amino-2-(tert-butyl)isoindoline-1,3-dione"
CC(C)(C)NCC(O)C1=CC(O)=CC(O)=C1,Terbutaline
CC(C)(C)OC(=O)N[C@@H](CO)C(=O)O,N-[tert-butoxycarbonyl]-L-serine
CC(C)(C)OC(=O)N[C@@H](CO)C(=O)[O-],N-T-BOC-L-serine
CC(C)(C)OC(=O)N[C@H](CO)C(=O)O,(R)-2-tert-butoxycarbonylamino-3-hydroxy propionic acid
CC(C)(C)OC(=O)N[C@H](CO)C(=O)[O-],N-t-Boc-D-Serine
CC(C)(C)[N+](O)=CC1=CC=CC=C1,Benzylidene-tert-butyl-hydroxyazanium
CC(C)(C1=CC=C(O)C=C1)C1=CC=C(O)C=C1,Bisphenol A
CC(C)(CO)[N+](O)=CCCC1=CC=CC=C1,Unknown
CC(C)=C1CC[C@@H](C)CC1=O,(+)-Pulegone
CC(C)=CCC/C(C)=C/CO,Unknown
CC(C)=CCCC(C)=CCO,"3,7-Dimethyl-2,6-octadienol"
CC(C)=CCCC(C)CCO,Citronellol
CC(C)C(=O)NC1=CC=C([N+](=O)[O-])C(C(F)(F)F)=C1,Flutamide
CC(C)C(=O)O,Isobutyric Acid
CC(C)C12CCC(C)(CC1)N=N2,"1-Methyl-4-isopropyl-2,3-diazabicyclo[2,2,2]oct-2-ene"
CC(C)C12CCC(C)(O)C1C2,2-Methyl-5-(1-methylethyl)bicyclo(3.1.0)hexan-2-ol
CC(C)C1=CC=C(O)C=C1,4-Isopropylphenol
CC(C)C1=CC=C([N+](=O)[O-])C=C1,4-Isopropylnitrobenzene
CC(C)C1=CC=CC(O)=C1,3-Isopropylphenol
CC(C)C1=CC=CC=C1,Cumene
CC(C)CC(=O)O,Isovaleric Acid
CC(C)CC(C)O,4-Methyl-2-Pentanol
CC(C)CC1=CC=C(C(C)C(=O)O)C=C1,"Ibuprofen, (+-)-"
CC(C)CCCO,4-Methyl-1-pentanol
CC(C)CCC[C@H](C)[C@H]1CC[C@H]2[C@@H]3CC=C4C[C@@H](O)CC[C@@]4(C)[C@H]3CC[C@]21C,"(3S,8S,9S,10S,13S,14S,17R)-10,13-dimethyl-17-[(2S)-6-methylheptan-2-yl]-2,3,4,7,8,9,11,12,14,15,16,17-dodecahydro-1H-cyclopenta[a]phenanthren-3-ol"
CC(C)CCO,Isoamyl Alcohol
CC(C)CN,Isobutylamine
CC(C)CN1C(=O)C2=CC=C(N)C=C2C1=O,"5-Amino-2-isobutyl-1H-isoindole-1,3(2H)-dione"
CC(C)CSC1=CC=CC=C1,Isobutylthiobenzene
CC(C)C[C@@H](NC1=CC=C([N+](=O)[O-])C=C1[N+](=O)[O-])C(=O)O,"(2R)-2-(2,4-dinitroanilino)-4-methylpentanoic acid"
CC(C)C[C@H](NC1=CC=C([N+](=O)[O-])C=C1[N+](=O)[O-])C(=O)O,"N-(2,4-Dinitrophenyl)-L-leucine"
CC(C)C[C@H](NS(=O)(=O)C1=CC=CC2=C(N(C)C)C=CC=C12)C(=O)O,Dansyl-L-leucine
CC(C)OC1=CC=C(C(=O)NS(=O)(=O)C2=CC=C(N)C=C2)C=C1,Sulfaproxyline
CC(C)OC1=CC=C(O)C=C1,4-Isopropoxyphenol
CC(C)[C@@H](NC1=CC=C([N+](=O)[O-])C=C1[N+](=O)[O-])C(=O)O,"(2R)-2-(2,4-dinitroanilino)-3-methylbutanoic acid"
CC(C)[C@@H]1CC[C@@H](C)CC1=O,Menthone
CC(C)[C@@H]1CC[C@@H](C)C[C@H]1O,(-)-Menthol
CC(C)[C@H](NC1=CC=C([N+](=O)[O-])C=C1[N+](=O)[O-])C(=O)O,"N-(2,4-Dinitrophenyl)-L-valine"
CC(C)[C@H](NS(=O)(=O)C1=CC=CC2=C(N(C)C)C=CC=C12)C(=O)O,N-(5-(Dimethylamino)naphthalene-1-sulfonyl)-L-valine
CC(C1=CC=C(O)C=C1)C1=CC=C(O)C=C1,Bisphenol E
CC(C=CC1=C(C)CCCC1(C)C)=CC=CC(C)=CC(=O)O,"3,7-Dimethyl-9-(2,6,6-trimethylcyclohex-1-en-1-yl)nona-2,4,6,8-tetraenoic acid"
CC(C=CC1=C(C)CCCC1(C)C)=CC=CC(C)=CCO,9-cis Retinol
CC(C=CC=C(C)C=CC1=C(C)CCCC1(C)C)=CC=CC=C(C)C=CC=C(C)C(=O)O,"2,6,11,15-Tetramethyl-17-(2,6,6-trimethylcyclohexen-1-yl)heptadeca-2,4,6,8,10,12,14,16-octaenoic acid"
CC(C=CC=C(C)C=CC1=C(C)CCCC1(C)C)=CC=O,a Retinal
CC(C=O)CC1=CC=C(C(C)(C)C)C=C1,Lilial
CC(CC(=O)O)C1=CC=CC=C1,3-Phenylbutyric acid
CC(CC(=O)[O-])C1=CC=CC=C1,3-Phenylbutanoate
CC(CCC(=O)NCC(=O)O)C1CCC2C3C(O)CC4CC(O)CCC4(C)C3CC(O)C12C,"Glycine, N-[(3alpha,5beta,7alpha,12alpha)-3,7,12-trihydroxy-24-oxocholan-24-yl]-"
CC(CCC(=O)NCC(=O)[O-])[C@H]1CCC2C3C(C[C@H](O)[C@@]21C)[C@@]1(C)CC[C@@H](O)CC1C[C@@H]3O,glycocholate (GCA)
CC(CCC(=O)NCCS(=O)(=O)[O-])[C@H]1CCC2C3C(C[C@H](O)[C@@]21C)[C@@]1(C)CC[C@@H](O)CC1C[C@@H]3O,taurocholate (TCA)
CC(CCC(=O)O)C1CCC2C3C(O)CC4CC(O)CCC4(C)C3CC(O)C12C,Ox bile extract
CC(CCC(=O)O)C1CCC2C3CCC4CC(O)CCC4(C)C3CC(O)C12C,"Cholan-24-oic acid, 3,12-dihydroxy-, (3alpha,5beta,12alpha)-"
CC(CCC(=O)[O-])[C@H]1CCC2C3C(C[C@H](O)[C@@]21C)[C@@]1(C)CC[C@@H](O)CC1C[C@@H]3O,cholate (CA)
CC(CCC(=O)[O-])[C@H]1CCC2C3CCC4C[C@H](O)CC[C@]4(C)C3C[C@H](O)[C@@]21C,deoxycholate (DCA)
CC(CN1C2=CC=CC=C2SC2=CC=CC=C21)[NH+](C)C,Promethazine(1+)
CC(O)C(=O)O,Lactic Acid
CC(O)C(C)(C)C,"3,3-Dimethyl-2-butanol"
CC([NH3+])CCC1=CC=CC=C1,alpha-Methyl-benzenepropanamine
CC/C=C/CC(=O)[O-],Unknown
CC1(C)C2=CCCC(C)(C)[C@]23CC[C@H]1C3,Isolongifolene
CC1(C)C2CC(=O)[C@@](C)(O)C1C2,"(2S)-2-hydroxy-2,6,6-trimethylbicyclo[3.1.1]heptan-3-one"
CC1(C)C2CC(=O)[C@](C)(O)C1C2,"(2R)-2-hydroxy-2,6,6-trimethylbicyclo[3.1.1]heptan-3-one"
CC1(C)C2CC1[C@](C)(O)[C@H](O)C2,"2,3-cis/Exo-pinanediol"
CC1(C)C2CCC1(C)C(O)C2,Borneol
CC1(C)C2CC[C@@]1(C)C(=O)C2N=O,(R)-camphorquinone-3-oxime
CC1(C)C2CC[C@@]1(CS(=O)(=O)[O-])C(=O)C2,"(S)-7,7-dimethyl-2-oxobicyclo[2.2.1]heptane-1-methanesulfonate"
CC1(C)C2CC[C@]1(C)C(=O)C2N=O,(S)-camphorquinone-3-oxime
CC1(C)C2CC[C@]1(CS(=O)(=O)[O-])C(=O)C2,(R)-10-camphorsulfonic acid
CC1(C)CCC2=C(O1)C1=CC=CC=C1C(=O)C2=O,Beta-Lapachone
CC1(C)O[C@@H]2C[C@H]3[C@@H]4CCC5=CC(=O)C=C[C@@]5(C)[C@]4(F)[C@@H](O)C[C@@]3(C)[C@@]2(C(=O)CO)O1,Unknown
CC1(C)O[C@@H]2C[C@H]3[C@@H]4CCC5=CC(=O)C=C[C@]5(C)[C@@]4(F)[C@@H](O)C[C@]3(C)[C@]2(C(=O)CO)O1,Triamcinolone Acetonide
CC1(C)O[C@@H]2C[C@H]3[C@@H]4C[C@H](F)C5=CC(=O)C=C[C@@]5(C)[C@]4(F)[C@@H](O)C[C@@]3(C)[C@@]2(C(=O)CO)O1,Unknown
CC1(C)O[C@@H]2C[C@H]3[C@@H]4C[C@H](F)C5=CC(=O)C=C[C@]5(C)[C@@]4(F)[C@@H](O)C[C@]3(C)[C@]2(C(=O)CO)O1,Fluocinolone Acetonide
CC1(C)O[C@H]2C[C@H]3[C@@H]4CCC5=CC(=O)C=C[C@@]5(C)[C@]4(F)[C@@H](O)C[C@@]3(C)[C@@]2(C(=O)CO)O1,Unknown
CC1(C)[C@@H]2CC[C@@]1(C)C(=O)C2,D-Camphor
CC1(C)[C@@H]2C[C@H](O)[C@](C)(O)[C@H]1C2,"(1S,2R,3S,5S)-2,6,6-Trimethylbicyclo[3.1.1]heptane-2,3-diol"
CC1(C)[C@H]2CC[C@]1(C)C(=O)C2,"Camphor, (-)-"
CC1(C)[C@H]2CC[C@]1(C)[C@H](O)C2,"Borneol, (-)-"
CC1(C)[C@]2(C)CC[C@@]1(C(=O)[O-])OC2=O,(R)-camphanic acid
CC1(CS(=O)(=O)[O-])C2CC[C@@]1(C)C(=O)[C@@H]2Br,(R)-3-bromo-8-camphorsulfonic acid
CC1(CS(=O)(=O)[O-])C2CC[C@@]1(C)C(=O)[C@H]2Br,(S)-3-bromo-8-camphorsulfonic acid
CC1(O)CCCCC1,1-Methylcyclohexanol
CC12CCC(CC1)C(C)(C)O2,"1,8-Cineole"
CC12CCC(CC1=O)C2(C)C,Camphor
CC1=C(C(=O)N[C@@H]2C(=O)N3[C@@H](C(=O)O)C(C)(C)S[C@H]23)C(C2=C(Cl)C=CC=C2Cl)=NO1,Dicloxacillin
CC1=C(CCN2CCC(C3=NOC4=CC(F)=CC=C34)CC2)C(=O)N2CCCCC2=N1,Risperidone
CC1=C2C=CC=CC2=CC2=CC=CC=C12,9-Methylanthracene
CC1=CC(/N=C2/C=C(O)C(=O)C3=CC=CC=C23)=NO1,Unknown
CC1=CC(=O)C2=CC=CC=C2C1=O,Menadione
CC1=CC(C)=CC(N=NC2=CC=C(O)C(C(=O)O)=C2)=C1,"5-[(E)-(3,5-dimethylphenyl)diazenyl]-2-hydroxybenzoic acid"
CC1=CC(C)=NC(NS(=O)(=O)C2=CC=C(N)C=C2)=N1,Sulfamethazine
CC1=CC(C2(C3=CC=C(O)C(C)=C3)OC(=O)C3=CC=CC=C32)=CC=C1O,Cresolphthalein
CC1=CC(N=C2CC(=O)C(=O)C3=CC=CC=C23)=NO1,Unknown
CC1=CC(N=NC2=CC=C(C(=O)O)C=C2)=C(C)C(C)=C1O,Unknown
CC1=CC(N=NC2=CC=C(C(=O)O)C=C2)=C(C)C=C1O,Unknown
CC1=CC(N=NC2=CC=C(S(=O)(=O)O)C=C2)=C(C(=O)O)C=C1O,Unknown
CC1=CC(NC2=CC=CC=C2C(=O)O)=CC=C1Cl,2-((4-Chloro-3-methylphenyl)amino)benzoic acid
CC1=CC(NS(=O)(=O)C2=CC=C(N)C=C2)=NC(C)=N1,Sulfisomidine
CC1=CC(NS(=O)(=O)C2=CC=C(N)C=C2)=NO1,Sulfamethoxazole
CC1=CC(O)=C([N+](=O)[O-])C=C1N=NC1=CC=C(C(=O)O)C=C1,Unknown
CC1=CC(O)=CC=C1C1(C2=CC=C(O)C=C2C)OS(=O)(=O)C2=CC=CC=C21,m-Cresol Purple
CC1=CC(O)=CC=C1N=NC1=CC=C(C(=O)O)C=C1,4-[(4-Hydroxy-2-methylphenyl)azo]benzoic acid
CC1=CC([N+](=O)[O-])=CC(C)=C1O,"2,6-Xylenol, 4-nitro-"
CC1=CC2=C(C=C1C)N(C[C@@H](O)[C@@H](O)[C@@H](O)CO)C1=NC(=O)NC(=O)C1=N2,"7,8-dimethyl-10-((2R,3R,4S)-2,3,4,5-tetrahydroxypentyl)benzo(g)pteridine-2,4(3H,10H)-dione"
CC1=CC2=C(C=C1C)NC(N)=N2,"5,6-Dimethylbenzimidazol-2-ylamine"
CC1=CC=C(C(=O)C2=CC=C(C(=O)O)C=C2)C=C1,4-(4-Methylbenzoyl)benzoic acid
CC1=CC=C(C(=O)C2=CC=C(CC(=O)O)N2C)C=C1,Tolmetin
CC1=CC=C(C(=O)C2=CC=CC(C(=O)O)=C2)C=C1,3-(4-Methylbenzoyl)benzoic acid
CC1=CC=C(C(=O)C2=CC=CC=C2)C=C1,4-Methylbenzophenone
CC1=CC=C(C(=O)O)C=C1,P-Toluic Acid
CC1=CC=C(C(=O)O[C@H](C(=O)O)[C@H](OC(=O)C2=CC=C(C)C=C2)C(=O)O)C=C1,"Ditoluoyltartaric acid, (+)-"
CC1=CC=C(C(=O)O[C@H](C(=O)[O-])[C@H](OC(=O)C2=CC=C(C)C=C2)C(=O)[O-])C=C1,"O,O'-di-p-toluoyl-D-tartaric acid"
CC1=CC=C(C(C)C)C(O)=C1,Thymol
CC1=CC=C(C(C)C)C=C1,P-Cymene
CC1=CC=C(C(C)C)C=C1O,Carvacrol
CC1=CC=C(C)C(C)=C1,"1,2,4-Trimethylbenzene"
CC1=CC=C(C)C2=CC=CC=C12,"1,4-Dimethylnaphthalene"
CC1=CC=C(C)C=C1,P-Xylene
CC1=CC=C(C2=CC(C(F)(F)F)=NN2C2=CC=C(S(N)(=O)=O)C=C2)C=C1,Celecoxib
CC1=CC=C(C=C2C(=O)C3(C)CCC2C3(C)C)C=C1,3-(4'-Methylbenzylidene)camphor
CC1=CC=C(C=[N+](O)C(C)(C)CO)C=C1,Unknown
CC1=CC=C(CCN)C=C1,p-Methylphenethylamine
CC1=CC=C(CN)C=C1,4-Methylbenzylamine
CC1=CC=C(Cl)C(NC2=CC=CC=C2C(=O)O)=C1Cl,Meclofenamic Acid
CC1=CC=C(N2C3=C(CC4=C2CCCC4=O)C(=O)CCC3)C=C1,"10-(4-methylphenyl)-3,4,6,7,9,10-hexahydro-1,8(2H,5H)-acridinedione"
CC1=CC=C(N=NC2=CC=C(O)C(C(=O)O)=C2)C=C1,2-Hydroxy-5-[2-(4-methylphenyl)diazenyl]benzoic acid
CC1=CC=C(NC2=CC=C3C=C(S(=O)(=O)O)C=CC3=C2)C=C1,6-p-Toluidino-2-naphthalenesulfonic acid
CC1=CC=C(NC2=CC=CC=C2C(=O)[O-])C=C1,2-(4-Methylanilino)benzoate
CC1=CC=C(O)C(C23CC4CC(CC(C4)C2)C3)=C1,2-(1-Adamantyl)-4-methylphenol
CC1=CC=C(O)C=C1,P-Cresol
CC1=CC=C([C@H](OO)N([O])C(C)(C)CO)C=C1,Unknown
CC1=CC=C([O-])C=C1,4-Methylphenolate
CC1=CC=C2C=CC=CC2=C1,2-Methylnaphthalene
CC1=CC=CC(/C=C/C(=O)O)=C1,Unknown
CC1=CC=CC(/C=C/C(=O)[O-])=C1,Unknown
CC1=CC=CC(C(=O)C2=CC=CC=C2)=C1,3-Methylbenzophenone
CC1=CC=CC(C)=C1,M-Xylene
CC1=CC=CC(C)=C1C,"1,2,3-Trimethylbenzene"
CC1=CC=CC(CN2CCN(C(C3=CC=CC=C3)C3=CC=C(Cl)C=C3)CC2)=C1,Meclizine
CC1=CC=CC(N(C)C(=S)OC2=CC=C3C=CC=CC3=C2)=C1,Tolnaftate
CC1=CC=CC(NC2=CC=C(C(=O)O)C=C2)=C1C,"4-(2,3-Dimethylanilino)benzoic acid"
CC1=CC=CC(NC2=CC=CC(C(=O)O)=C2)=C1C,"3-(2,3-Dimethylanilino)benzoic acid"
CC1=CC=CC(NC2=CC=CC=C2C(=O)O)=C1C,Mefenamic Acid
CC1=CC=CC(O)=C1,M-Cresol
CC1=CC=CC2=C(C)C=CC=C12,"1,5-Dimethylnaphthalene"
CC1=CC=CC2=CC=CC(C)=C12,"1,8-Dimethylnaphthalene"
CC1=CC=CC2=CC=CC=C12,1-Methylnaphthalene
CC1=CC=CC=C1,Toluene
CC1=CC=CC=C1/C=C/C(=O)O,Unknown
CC1=CC=CC=C1C,O-Xylene
CC1=CC=CC=C1C(=O)C1=CC=CC=C1,2-Methylbenzophenone
CC1=CC=CC=C1C(=O)O,2-Methylbenzoic acid
CC1=CC=CC=C1C(OCCN(C)C)C1=CC=CC=C1,Orphenadrine
CC1=CC=CC=C1C(OCC[NH+](C)C)C1=CC=CC=C1,Dimethyl-[2-[(2-methylphenyl)-phenylmethoxy]ethyl]azanium
CC1=CC=CC=C1C=CC(=O)O,3-(2-Methylphenyl)prop-2-enoic acid
CC1=CC=CC=C1NC1=CC=CC=C1C(=O)O,N-(2-Methylphenyl)anthranilic acid
CC1=CC=CC=C1O,O-Cresol
CC1=CC=NC(NS(=O)(=O)C2=CC=C(N)C=C2)=N1,Sulfamerazine
CC1=CCC(C(C)(C)O)CC1,Alpha-Terpineol
CC1=CCC(C(C)C)=CC1,Gamma-Terpinene
CC1=CCC2C(C1)C2(C)C,3-Carene
CC1=CCC2CC1C2(C)C,(+-)-alpha-Pinene
CC1=CN=C(NC(=O)C2=C(O)C3=CC=CC=C3S(=O)(=O)N2C)S1,Meloxicam
CC1=CNC2=CC=CC=C12,Skatole
CC1=NC=C([N+](=O)[O-])N1CCOC(=O)C1=CC=CC=C1,Metronidazole Benzoate
CC1=NC=CC2=C1NC1=CC=CC=C12,Harman
CC1=NN=C(NS(=O)(=O)C2=CC=C(N)C=C2)S1,Sulfamethizole
CC1=NOC(NS(=O)(=O)C2=CC=C(N)C=C2)=C1C,Sulfisoxazole
CC1CC2=CC=CC=C2N1NC(=O)C1=CC=C(Cl)C(S(N)(=O)=O)=C1,Indapamide
CC1CC2C3CCC4=CC(=O)C=CC4(C)C3(F)C(O)CC2(C)C1(O)C(=O)CO,Celestone
CC1CCC(C(C)C)C(O)C1,Menthol
CC1CCC2C(C)C(=O)OC3OC4(C)CCC1C32OO4,"octahydro-3,6,9-trimethyl-3,12-epoxy-12H-pyrano(4,3-j)-1,2-benzodioxepin-10(3H)-one"
CC1CCC2C(C)C(O)OC3OC4(C)CCC1C32OO4,"3,6,9-Trimethyldecahydro-12H-3,12-epoxypyrano(4,3-j)(1,2)benzodioxepin-10-ol"
CC1CCC2C(C)COC3OC4(C)CCC1C32OO4,Fused-ring peroxide derivative
CC1CCCC(O)C1,3-Methylcyclohexanol
CC1CCCCC1,Methylcyclohexane
CC1CCCCC1=O,2-Methylcyclohexanone
CC=CC1=CC=C(O)C(OC)=C1,Propenylguaiacol
CC=CC=CC(=O)O,"2,4-Hexadienoic Acid"
CCC(=O)C1=CC=C(O)C=C1,4'-Hydroxypropiophenone
CCC(=O)C1=CC=CC(O)=C1,3'-Hydroxypropiophenone
CCC(=O)OCC(=O)[C@@]1(OC(=O)CC)[C@@H](C)C[C@H]2[C@@H]3CCC4=CC(=O)C=C[C@]4(C)[C@@]3(Cl)[C@@H](O)C[C@@]21C,Beclomethasone Dipropionate
CCC(C(=O)O)C1=CC=C2C=CC3=CC=CC4=CC=C1C2=C34,Pyrenylbutyric acid
CCC(C)(C)C(=O)O[C@H]1C[C@@H](C)C=C2C=C[C@H](C)[C@H](CC[C@@H]3C[C@@H](O)CC(=O)O3)[C@H]21,Simvastatin
CCC(C)(C)C1=CC=C(O)C=C1,4-tert-Pentylphenol
CCC(C)(O)CC,3-methyl-3-Pentanol
CCC(C)C(C)O,3-Methylpentan-2-ol
CCC(C)C1(CC)C(=O)NC(=O)NC1=O,Butabarbital
CCC(C)C1=CC(N=NC2=CC=C(S(=O)(=O)O)C=C2)=CC=C1O,4-[(3-Butan-2-yl-4-hydroxyphenyl)diazenyl]benzenesulfonic acid
CCC(C)CO,2-Methyl-1-butanol
CCC(C1=CC=CC=C1)C1=C(O)C2=CC=CC=C2OC1=O,Phenprocoumon
CCC(O)(CC)CC,3-Ethyl-3-pentanol
CCC/C=C/C(=O)[O-],Unknown
CCC1(C2=CC=CC=C2)C(=O)NC(=O)N(C)C1=O,Mephobarbital
CCC1(C2=CC=CC=C2)C(=O)NC(=O)NC1=O,Phenobarbital
CCC1(C2=CC=CC=C2)C(=O)NC(=S)NC1=O,"5-Ethyldihydro-5-phenyl-2-thioxopyrimidine-4,6(1H,5H)-dione"
CCC1(C2=CC=CC=C2)C(=O)NCNC1=O,Primidone
CCC1(C2=CCCCC2)C(=O)NC(=O)NC1=O,Cyclobarbital
CCC1(CC)C(=O)NC(=O)N(C)C1=O,Metharbital
CCC1(CC)C(=O)NC(=O)NC1=O,Barbital
CCC1(CC)C(=O)NC(=S)NC1=O,"5,5-Diethyldihydro-2-thioxo-4,6(1H,5H)-pyrimidinedione"
CCC1(CCC(C)C)C(=O)NC(=O)NC1=O,Amobarbital
CCC1=CC(O)=CC=C1N=NC1=CC=C(C(=O)O)C=C1,Unknown
CCC1=CC2=C(C=C1OC)OC(=O)C(C1=CC=C3OCCOC3=C1)=C2O,"3-(2,3-Dihydro-1,4-benzodioxin-6-yl)-6-ethyl-4-hydroxy-7-methoxychromen-2-one"
CCC1=CC=C(C(=O)C2=CC=C(C(=O)O)C=C2)C=C1,4-(4-Ethylbenzoyl)benzoic acid
CCC1=CC=C(C(=O)C2=CC=CC(C(=O)O)=C2)C=C1,3-(4-Ethylbenzoyl)benzoic acid
CCC1=CC=C(C=[N+](O)C(C)(C)CO)C=C1,Unknown
CCC1=CC=C(O)C=C1,4-Ethylphenol
CCC1=CC=C(OC(C)=O)C=C1,4-Ethylphenyl acetate
CCC1=CC=C([C@H](OO)N([O])C(C)(C)CO)C=C1,Unknown
CCC1=CC=C([N+](=O)[O-])C=C1,4-Ethylnitrobenzene
CCC1=CC=CC(O)=C1,3-Ethylphenol
CCC1=CC=CC(OC(C)=O)=C1,"Phenol, 3-ethyl-, 1-acetate"
CCC1=CC=CC=C1,Ethylbenzene
CCC1=NN=C(NS(=O)(=O)C2=CC=C(N)C=C2)S1,Sulfaethidole
CCC1CCCCC1,Ethylcyclohexane
CCCC(=O)O,Butyric Acid
CCCC(=O)OC1=CC=C(C(=O)O)C=C1[N+](=O)[O-],4-Butanoyloxy-3-nitrobenzoic acid
CCCC(=O)OC1=CC=C([N+](=O)[O-])C=C1,4-Nitrophenyl butyrate
CCCC(=O)OCC(=O)[C@]1(O)CC[C@H]2[C@@H]3CCC4=CC(=O)CC[C@@]4(C)[C@H]3[C@@H](O)C[C@]21C,Unknown
CCCC(=O)O[C@]1(C(=O)CO)CC[C@H]2[C@@H]3CCC4=CC(=O)CC[C@]4(C)[C@H]3[C@@H](O)C[C@@]21C,Hydrocortisone Butyrate
CCCC(C(=O)OCCN(CC)CC)(C1=CC=CC=C1)C1=CC=CC=C1,Proadifen
CCCC(C(=O)OCC[NH+](CC)CC)(C1=CC=CC=C1)C1=CC=CC=C1,"2-(2,2-Diphenylpentanoyloxy)ethyl-diethylazanium"
CCCC(C)(C)O,2-Methylpentan-2-ol
CCCC(C)C1(CC)C(=O)NC(=O)NC1=O,Pentobarbital
CCCC(C)C1(CC)C(=O)NC(=S)NC1=O,Thiopental
CCCC(C)O,2-Pentanol
CCCC(O)CC,3-Hexanol
CCCC(O)CCC,4-Heptanol
CCCC1=CC=C(N=NC2=CC=C(O)C(C(=O)O)=C2)C=C1,Unknown
CCCC1=CC=C(O)C=C1,4-Propylphenol
CCCC1=CC=C(OC(C)=O)C=C1,p-Propylphenyl acetate
CCCC1=CC=CC(O)=C1,3-Propylphenol
CCCC1=CC=CC(OC(C)=O)=C1,3-Propylphenyl acetate
CCCC1=CC=CC=C1,Propylbenzene
CCCCC(=O)O,Pentanoic Acid
CCCCC(=O)OC1(C(=O)CO)C(C)CC2C3CCC4=CC(=O)C=CC4(C)C3(F)C(O)CC21C,Betamethasone-17-valerate
CCCCC(=O)O[C@]1(C(=O)CO)[C@@H](C)C[C@H]2[C@@H]3CCC4=CC(=O)C=C[C@]4(C)[C@@]3(F)[C@@H](O)C[C@@]21C,Betamethasone Valerate
CCCCC(=O)[O-],Valerate
CCCCC(C)(C)C(O)C=CC1C(O)CC(C)C1CC=CCCCC(=O)O,Unknown
CCCCC(C)(C)O,2-Methylhexan-2-ol
CCCCC(C)(C)[C@H](O)/C=C/[C@H]1[C@H](O)C[C@@H](Cl)[C@@H]1C/C=C\CCCC(=O)O,Unknown
CCCCC(C)(C)[C@H](O)C=C[C@@H]1[C@H](O)C[C@@H](Cl)[C@@H]1CC=CCCCC(=O)O,Unknown
CCCCC(C)O,2-Hexanol
CCCCC(CC)COC(=O)C=CC1=CC=C(OC)C=C1,"2-Propenoic acid, 3-(4-methoxyphenyl)-, 2-ethylhexyl ester"
CCCCC(O)CC,3-Heptanol
CCCCC(O)CCC,4-Octanol
CCCCC(O)CCCC,Nonan-5-ol
CCCCC(O)CO,"1,2-Hexanediol"
CCCCC1(CC)C(=O)NC(=O)NC1=O,Butobarbital
CCCCC1=CC=C(O)C=C1,4-Butylphenol
CCCCC1=CC=C(OC(C)=O)C=C1,4-Butylphenyl acetate
CCCCC1=CC=CC(O)=C1,3-Butylphenol
CCCCC1=CC=CC(OC(C)=O)=C1,3-Butylphenyl acetate
CCCCC1C(=O)N(C2=CC=CC=C2)N(C2=CC=C(O)C=C2)C1=O,Oxazolidin
CCCCC1C(=O)N(C2=CC=CC=C2)N(C2=CC=CC=C2)C1=O,Phenylbutazone
CCCCCC#CC(=O)OC,Methyl 2-octynoate
CCCCCC(=O)O,Hexanoic Acid
CCCCCC(=O)OC1=CC=C(C(=O)O)C=C1[N+](=O)[O-],4-(Hexanoyloxy)-3-nitrobenzoic acid
CCCCCC(=O)OC1=CC=C([N+](=O)[O-])C=C1,4-Nitrophenyl hexanoate
CCCCCC(=O)[O-],Hexanoate
CCCCCC(C)=O,2-Heptanone
CCCCCC(C)O,2-Heptanol
CCCCCC(C)[NH3+],Heptan-2-ylazanium
CCCCCC(O)CC,3-Octanol
CCCCCC(O)CCC,4-Nonanol
CCCCCC1(CC)C(=O)NC(=O)NC1=O,Amylbarbital
CCCCCC1=CC(O)=C2C(=C1)OC(C)(C)[C@@H]1CCC(C)=C[C@@H]21,Tetrahydrocannabinol
CCCCCC1=CC=C(O)C=C1,4-Pentylphenol
CCCCCC1=CC=C(OC(C)=O)C=C1,(4-Pentylphenyl) acetate
CCCCCCC,Heptane
CCCCCCC(=O)O,Heptanoic Acid
CCCCCCC(=O)OC1=CC=C(C(=O)O)C=C1[N+](=O)[O-],4-(Heptanoyloxy)-3-nitrobenzoic acid
CCCCCCC(=O)[O-],Heptanoate
CCCCCCC(C)O,2-Octanol
CCCCCCC(C)[NH3+],Octan-2-ylazanium
CCCCCCC(N)C(=O)O,2-Aminooctanoic acid
CCCCCCC(O)CC,3-Nonanol
CCCCCCC(O)CO,"1,2-Octanediol"
CCCCCCCC,Octane
CCCCCCCC(=O)O,Octanoic Acid
CCCCCCCC(=O)OC1=CC=C(C(=O)O)C=C1[N+](=O)[O-],3-Nitro-4-(octanoyloxy)benzoic acid
CCCCCCCC(=O)OC1=CC=C([N+](=O)[O-])C=C1,4-Nitrophenyloctanoate
CCCCCCCC(=O)[O-],Octanoate
CCCCCCCC(C)O,2-Nonanol
CCCCCCCC1(CC)C(=O)NC(=O)NC1=O,"5-Ethyl-5-heptyl-1,3-diazinane-2,4,6-trione"
CCCCCCCCC,Nonane
CCCCCCCCC(=O)O,Nonanoic Acid
CCCCCCCCCC,Decane
CCCCCCCCCC(=O)[O-],"Decanoic acid, ion(1-)"
CCCCCCCCCCC,Undecane
CCCCCCCCCCCC,Dodecane
CCCCCCCCCCCC(=O)N(C)CC(=O)O,Lauroylsarcosine
CCCCCCCCCCCC(=O)O,Lauric Acid
CCCCCCCCCCCC(=O)OC1=CC=C([N+](=O)[O-])C=C1,p-Nitrophenyl laurate
CCCCCCCCCCCCC1=CC=C(S(=O)(=O)O)C=C1,p-Dodecylbenzenesulfonic acid
CCCCCCCCCCCCC1=CC=C(S(=O)(=O)[O-])C=C1,4-Dodecylbenzene-1-sulfonate
CCCCCCCCCCCCCCCC[N+](C)(C)C,Cetyltrimethylammonium
CCCCCCCCCCCCCCO,1-Tetradecanol
CCCCCCCCCCCCCC[N+](C)(C)C,Tetradecyltrimethylammonium
CCCCCCCCCCCCN,Dodecylamine
CCCCCCCCCCCCO,1-Dodecanol
CCCCCCCCCCCCOP(=O)(O)O,Lauryl Phosphate
CCCCCCCCCCCCOS(=O)(=O)O,Lauryl sulfate
CCCCCCCCCCCCOS(=O)(=O)[O-],Npc315034
CCCCCCCCCCCCS(=O)(=O)[O-],Dodecanesulfonate ion
CCCCCCCCCCCC[N+]1=CC=CC=C1,Laurylpyridinium
CCCCCCCCCCCC[NH3+],Dodecyl-ammonium; chloride
CCCCCCCCCCN(C(C)(C)C1=CC=CC=C1)C(C)(C)C1=CC=CC=C1,Unknown
CCCCCCCCCCOC(=O)C(CC(=O)O)S(=O)(=O)O,4-Decoxy-4-oxo-3-sulfobutanoic acid
CCCCCCCCCC[N+](C)(C)C,Decyltrimethylammonium
CCCCCCCCCC[N+]1=CC=C(C2=CC=[N+](C)C=C2)C=C1,"1-Decyl-1'-methyl-4,4'-bipyridin-1-ium"
CCCCCCCCCO,1-Nonanol
CCCCCCCCCOC(=O)C(CC(=O)O)S(=O)(=O)O,4-Nonoxy-4-oxo-3-sulfobutanoic acid
CCCCCCCCCS(=O)(=O)O,1-Nonanesulfonic acid
CCCCCCCCN,Octylamine
CCCCCCCCO,1-Octanol
CCCCCCCCOC(=O)C(CC(=O)O)S(=O)(=O)O,4-Octoxy-4-oxo-3-sulfobutanoic acid
CCCCCCCCOC(=O)CC(C(=O)OCCCCCCCC)S(=O)(=O)O,"Butanedioic acid, sulfo-, 1,4-dioctyl ester"
CCCCCCCC[NH3+],n-Octylamine(1+)
CCCCCCCO,Heptanol
CCCCCCCOC(=O)C(CC(=O)O)S(=O)(=O)O,4-Heptoxy-4-oxo-3-sulfobutanoic acid
CCCCCCC[N+]1=CC=C(C2=CC=[N+](C)C=C2)C=C1,1-Heptyl-4-(1-methylpyridin-1-ium-4-yl)pyridin-1-ium
CCCCCCC[NH3+],Heptylazanium
CCCCCCN(C(C)(C)C1=CC=CC=C1)C(C)(C)C1=CC=CC=C1,Unknown
CCCCCCNC(=O)N1C=C(F)C(=O)NC1=O,Carmofur
CCCCCCO,1-Hexanol
CCCCCCOC(=O)C(CC(=O)O)S(=O)(=O)O,4-Hexoxy-4-oxo-3-sulfobutanoic acid
CCCCCCOC(=O)CC(C(=O)OCCCCCC)S(=O)(=O)O,Di-n-hexyl sulfosuccinate
CCCCCCO[C@@H]1O[C@H](CO)[C@@H](O)[C@H](O)[C@H]1O,n-hexyl beta-D-glucopyranoside
CCCCCCS(=O)(=O)[O-],1-Hexanesulfonate
CCCCCC[C@@H](C)OC(=O)OC1=CC=C([N+](=O)[O-])C=C1,Unknown
CCCCCC[C@H](C)OC(=O)OC1=CC=C([N+](=O)[O-])C=C1,Unknown
CCCCCC[N+](C)(C)C,Hexyltrimethylammonium
CCCCCC[NH2+]C,Hexyl(methyl)azanium
CCCCCC[NH3+],Hexan-1-aminium
CCCCCN,Pentylamine
CCCCCO,1-Pentanol
CCCCCOC(=O)C1=CC=C(O)C=C1,Pentyl 4-hydroxybenzoate
CCCCCOC(=O)NC1=CC=C(OCC(O)CNC(C)C)C=C1,"Carbamic acid, (4-(2-hydroxy-3-((1-methylethyl)amino)propoxy)phenyl)-, pentyl ester"
CCCCCOC(=O)NC1=CC=C(OCC(O)CNCC(C)C)C=C1,Unknown
CCCCC[C@@H](C)O,"2-Heptanol, (-)-"
CCCCC[C@H](C)O,"2-Heptanol, (+)-"
CCCCC[C@H](O)/C=C/C1=C(CCCCCCC(=O)O)C(=O)CC1,Unknown
CCCCC[C@H](O)/C=C/[C@H]1[C@H](O)CC(=O)[C@@H]1C/C=C\CCCC(=O)O,Unknown
CCCCC[C@H](O)/C=C/[C@H]1[C@H](O)C[C@@H]2O/C(=C\CCCC(=O)O)C[C@@H]21,Unknown
CCCCC[C@H](O)C=CC1=C(CCCCCCC(=O)O)C(=O)CC1,7-[2-[(3S)-3-hydroxyoct-1-enyl]-5-oxocyclopenten-1-yl]heptanoic acid
CCCCC[C@H](O)C=C[C@H]1[C@@H](O)CC(=O)[C@@H]1CCCCCCC(=O)O,11-Prostaglandin E1
CCCCC[C@H](O)C=C[C@H]1[C@H](O)CC(=O)[C@@H]1CC=CCCCC(=O)O,"7-[(1R,2R,3R)-3-hydroxy-2-[(3S)-3-hydroxyoct-1-enyl]-5-oxocyclopentyl]hept-5-enoic acid"
CCCCC[C@H](O)C=C[C@H]1[C@H](O)CC(=O)[C@@H]1CCCCCCC(=O)O,Palux
CCCCN,Butylamine
CCCCN(C(C)(C)C1=CC=CC=C1)C(C)(C)C1=CC=CC=C1,"N,N-bis(2-phenylpropan-2-yl)butan-1-amine"
CCCCN1C(=O)C2=C3C(=CC=C4C(=O)N(CCCC)C(=O)C(=C43)C=C2)C1=O,"2,7-Dibutylbenzo[lmn][3,8]phenanthroline-1,3,6,8(2H,7H)-tetraone"
CCCCN1C(=O)C2=C3C(=CC=CC3=CC=C2)C1=O,n-Butylnaphthalimide
CCCCN1C(=O)C2=CC3=CC=CC=C3C=C2C1=O,"2-Butylbenzo[f]isoindole-1,3-dione"
CCCCN1C=CN=C1,Butylimidazole
CCCCN1CCCCC1C(=O)NC1=C(C)C=CC=C1C,Bupivacaine (USAN:INN:BAN)
CCCCNC(=O)NS(=O)(=O)C1=CC=C(C)C=C1,Tolbutamide
CCCCNC(=O)NS(=O)(=O)C1=CC=C(N)C=C1,Carbutamide
CCCCNC(N)=O,Butylurea
CCCCNC1=CC=C([N+](=O)[O-])C=C1,N-butyl-4-nitroaniline
CCCCOC(=O)C1=CC=C(N)C=C1,Butyl 4-aminobenzoate
CCCCOC(=O)C1=CC=C(O)C=C1,Butylparaben
CCCCOCCOC(=O)COC1=NC(Cl)=C(Cl)C=C1Cl,Triclopyr-butotyl
CCCC[C@@H](C)O,"2-Hexanol, (R)-"
CCCC[C@H](C)O,(2S)-hexan-2-ol
CCCN(CCC)[C@@H]1COC2=CC=CC(O)=C2C1,"(3S)-3-(dipropylamino)-3,4-dihydro-2H-chromen-5-ol"
CCCN(CCC)[C@H]1COC2=CC=CC(O)=C2C1,"(3R)-3-(dipropylamino)-3,4-dihydro-2H-chromen-5-ol"
CCCN1C(=O)C2=CC=C(N)C=C2C1=O,4-Amino-N-propylphthalimide
CCCOC(=O)C1=CC=C(O)C=C1,Propylparaben
CCCOC(=O)NC1=CC=C(OCC(O)CNC(C)C)C=C1,BL 343 Ac
CCCOC/C(=N/C1=CC=C(Cl)C=C1C(F)(F)F)N1C=CN=C1,Unknown
CCCOCC(=NC1=CC=C(Cl)C=C1C(F)(F)F)N1C=CN=C1,Triflumizole
CCCS(=O)C1=CC=C2N=C(NC(=O)OC)NC2=C1,Albendazole Oxide
CCC[C@@H](C)O,(2R)-pentan-2-ol
CCC[C@H](C)O,(+)-2-Pentanol
CCN(CC)C(=S)S,Diethyldithiocarbamic Acid
CCN(CC)C1=CC=C([C+](C2=CC=C(N(C)C)C=C2)C2=CC=C(N(CC)CC)C=C2)C=C1,"[4-[Bis[4-(diethylamino)phenyl]methylidene]cyclohexa-2,5-dien-1-ylidene]-dimethylazanium"
CCN(CC)C1=CC=C([C+](C2=CC=CC=C2)C2=CC=C(N(CC)CC)C=C2)C=C1,"N-(4-((4-(Diethylamino)phenyl)phenylmethylene)-2,5-cyclohexadien-1-ylidene)-N-ethylethanaminium"
CCN(CC)C1=CC=C([N+](=O)[O-])C=C1,"N,N-Diethyl-4-nitrobenzenamine"
CCN(CC)C1=CC=C2C(C3=CC=CC=C3C(=O)O)=C3CCC(=[N+](CC)CC)CC3OC2=C1,"[9-(2-Carboxyphenyl)-6-(diethylamino)-1,2,4,4a-tetrahydroxanthen-3-ylidene]-diethylazanium"
CCN(CC)C1=CC=C2C=C3C=CC(=[N+](CC)CC)C=C3OC2=C1,"Ethanaminium, N-[6-(diethylamino)-3H-xanthen-3-ylidene]-N-ethyl-, chloride"
CCN(CC)C1=CC=CC=C1,"N,N-Diethylaniline"
CCN(CC)C1=COCC2=C1C=C1C=NC3=CC=CC=C3C1=C2N,Unknown
CCN(CC)CCN1C(=O)CN=C(C2=CC=CC=C2F)C2=CC(Cl)=CC=C21,Flurazepam
CCN(CC)CCOC(=O)C(C1=CC=CC=C1)C1=CC=CC=C1,Adiphenine
CCN(CC)CCOC(=O)C1(C2CCCCC2)CCCCC1,Dicyclomine
CCN(CC)CCOC(=O)C1=CC=C(N)C=C1,Procaine
CCN(CC1=CC=NC=C1)C(=O)C(CO)C1=CC=CC=C1,Tropicamide
CCNC1=CC=CC=C1,N-Ethylaniline
CCNC1=NC(Cl)=NC(NC(C)C)=N1,Atrazine
CCOC(=O)C(C)(C)OC1=CC=C(Cl)C=C1,Clofibrate
CCOC(=O)C1(C2=CC=CC=C2)CCN(C)CC1,Meperidine
CCOC(=O)C1=CC=C(C2=C(O)C3=CC(CC)=C(OC)C=C3OC2=O)O1,ethyl 5-(6-ethyl-4-hydroxy-7-methoxy-2-oxo-2H-chromen-3-yl)furan-2-carboxylate
CCOC(=O)C1=CC=C(N)C=C1,Benzocaine
CCOC(=O)C1=CC=C(O)C=C1,Ethylparaben
CCOC(=O)C1=CC=CC=C1,Ethyl benzoate
CCOC1=CC=C(N=NC2=CC=C(N)C=C2N)C=C1,p-Ethoxychrysoidine
CCOC1=CC=C(N=NC2=CC=C(O)C(C(=O)O)=C2)C=C1,"(3Z)-3-[2-(4-Ethoxyphenyl)hydrazinylidene]-6-oxocyclohexa-1,4-diene-1-carboxylic acid"
CCOC1=CC=C(NC(C)=O)C=C1,Phenacetin
CCOC1=CC=C(O)C=C1,4-Ethoxyphenol
CCOC1=CC=C(OC(C)=O)C=C1,4-Ethoxyphenyl acetate
CCOC1=CC=C(OCC)C=C1,"1,4-Diethoxybenzene"
CCOC1=CC=CC(O)=C1,3-Ethoxyphenol
CCOC1=CC=CC(OC(C)=O)=C1,3-Ethoxyphenyl acetate
CCOC1=CC=CC=C1,Phenetole
CCOC1OC2OC3(C)CCC4C(C)CCC(C1C)C24OO3,"3,12-Epoxy-12H-pyrano[4,3-j]-1,2-benzodioxepin, 10-ethoxydecahydro-3,6,9-trimethyl-"
CC[C@@H]1C[C@@H](C[C@H]2NCCC3=CC(OC)=C(OC)C=C32)C[C@H]2C3=CC(OC)=C(OC)C=C3CCN21,Unknown
CC[C@H](C)[C@H](NS(=O)(=O)C1=CC=CC2=C(N(C)C)C=CC=C12)C(=O)O,Dansyl-l-isoleucine
CC[NH+](CC)CCOC(=O)C(C1=CC=CC=C1)C1=CC=CC=C1,"2-(2,2-Diphenylacetyl)oxyethyl-diethylazanium"
CN(C)C(=O)NC1=CC=C(Cl)C(Cl)=C1,Diuron
CN(C)C1=CC=C(/C=C/C(=O)[O-])C=C1,Unknown
CN(C)C1=CC=C(C(=N)C2=CC=C(N(C)C)C=C2)C=C1,Solvent Yellow 34
CN(C)C1=CC=C(C2=CC=[N+](C)C=C2)C=C1,4-(4-(Dimethylamino)phenyl)-1-methylpyridinium
CN(C)C1=CC=C(N=NC2=CC=C(C(=O)O)C=C2)C=C1,4-Dimethylaminoazobenzene-4'-carboxylic acid
CN(C)C1=CC=C(N=NC2=CC=C(S(=O)(=O)O)C=C2)C=C1,"Benzenesulfonic acid, 4-(2-(4-(dimethylamino)phenyl)diazenyl)-"
CN(C)C1=CC=C(N=NC2=CC=CC=C2C(=O)O)C=C1,2-((4-(Dimethylamino)phenyl)diazenyl)benzoic acid
CN(C)C1=CC=C(N=NC2=CC=CC=C2C(=O)[O-])C=C1,2-(4-Dimethylaminophenyl)diazenylbenzoate
CN(C)C1=CC=C([C+](C2=CC=C(N(C)C)C=C2)C2=CC=C(N(C)C)C=C2)C=C1,Gentian violet cation
CN(C)C1=CC=C([N+](=O)[O-])C=C1,"N,N-Dimethyl-4-nitroaniline"
CN(C)C1=CC=C2C=C3C=CC(=[N+](C)C)C=C3OC2=C1,pyronin Y cation
CN(C)C1=CC=C2N=C3C=CC(=[N+](C)C)C=C3SC2=C1,Methylene blue cation
CN(C)C1=CC=CC2=C(S(=O)(=O)N3C=NC(C[C@H](N)C(=O)O)=C3)C=CC=C12,Dansyl-l-histidine
CN(C)C1=CC=CC2=C(S(=O)(=O)N3CCC[C@H]3C(=O)O)C=CC=C12,Dansylproline
CN(C)C1=CC=CC2=C(S(=O)(=O)NC(CO)C(=O)O)C=CC=C12,Dansyl-l-serine
CN(C)C1=CC=CC2=C(S(=O)(=O)NC(CS(=O)(=O)O)C(=O)O)C=CC=C12,Dansyl-L-cysteic acid
CN(C)C1=CC=CC2=C(S(=O)(=O)NCCCC[C@H](N)C(=O)O)C=CC=C12,N6-((5-(Dimethylamino)-1-naphthalenyl)sulfonyl)-L-lysine
CN(C)C1=CC=CC2=C(S(=O)(=O)NCCCC[C@H](NS(=O)(=O)C3=CC=CC4=C(N(C)C)C=CC=C34)C(=O)O)C=CC=C12,Didansyl-L-lysine
CN(C)C1=CC=CC2=C(S(=O)(=O)N[C@@H](CC(N)=O)C(=O)O)C=CC=C12,Dansyl-L-asparagine
CN(C)C1=CC=CC2=C(S(=O)(=O)N[C@@H](CC3=CC=CC=C3)C(=O)O)C=CC=C12,Dansyl-L-phenylalanine
CN(C)C1=CC=CC2=C(S(=O)(=O)N[C@@H](CC3=CNC4=CC=CC=C34)C(=O)O)C=CC=C12,Dansyl-L-tryptophan
CN(C)C1=CC=CC2=C(S(=O)(=O)N[C@@H](CCC(N)=O)C(=O)O)C=CC=C12,Dansyl-L-glutamine
CN(C)C1=CC=CC2=C(S(=O)(=O)N[C@H](CC3=CC=CC=C3)C(=O)O)C=CC=C12,N-Dansyl-D-phenylalanine
CN(C)C1=CC=CC=C1,"N,N-Dimethylaniline"
CN(C)C1=NC=NC2=C1N=CN2C1OC(CO)C(O)C1O,"2-[6-(Dimethylamino)purin-9-yl]-5-(hydroxymethyl)oxolane-3,4-diol"
CN(C)CCCN1C2=CC=CC=C2CCC2=CC=CC=C21,Imipramine
CN(C)CCCN1C2=CC=CC=C2SC2=CC=C(Cl)C=C21,Chlorpromazine
CN(C)CCCOC1(CC2=CC=CC=C2)CCCCCC1,Bencyclane
CN(C)CCOC(C1=CC=CC=C1)C1=CC=C(Br)C=C1,Bromodiphenhydramine
CN(C)CCOC(C1=CC=CC=C1)C1=CC=CC=C1,Diphenhydramine
CN1C(=O)C2=CC=C(N)C=C2C1=O,"5-amino-2-methyl-2,3-dihydro-1H-isoindole-1,3-dione"
CN1C(=O)CN=C(C2=CC=CC=C2)C2=CC(Cl)=CC=C21,Diazepam
CN1C(=O)CN=C(C2=CC=CC=C2F)C2=CC(Cl)=CC=C21,Fludiazepam
CN1C(=O)CN=C(C2=CC=CC=C2F)C2=CC([N+](=O)[O-])=CC=C21,Flunitrazepam
CN1C(=O)NC(=O)C(C)(C2=CCCCC2)C1=O,Hexobarbital
CN1C(=O)SC2=CC([C@@H](C3=CC=CC=C3)N3C=CN=C3)=CC=C21,Unknown
CN1C(=O)SC2=CC([C@H](C3=CC=CC=C3)N3C=CN=C3)=CC=C21,Unknown
CN1C(C2=CC=CC=C2)=CC(C2=CC=CC=C2)=CC1=C1C=CC(=O)C=C1,"4-(1-Methyl-4,6-diphenyl-2-pyridinylidene)cyclohexa-2,5-dien-1-one"
CN1C=NC([N+](=O)[O-])=C1SC1=NC=NC2=C1NC=N2,Azathioprine
CN1CCC(OC(C2=CC=CC=C2)C2=CC=CC=C2)CC1,Diphenylpyraline
CN1CCCC1C1=CC=CN=C1,3-(1-Methylpyrrolidin-2-yl)pyridine
CN1CCN(C(C2=CC=CC=C2)C2=CC=C(Cl)C=C2)CC1,Chlorcyclizine
CN1CCN(C(C2=CC=CC=C2)C2=CC=CC=C2)CC1,Cyclizine
CN1CCN=C(C2=CC=CC=C2)C2=CC(Cl)=CC=C21,Medazepam
CN1[C@@H]2C[C@H](OC(=O)[C@H](CO)C3=CC=CC=C3)C[C@H]1[C@@H](O)C2,Npc265160
CN=C(C)C1=CC(C)=C(C)C=C1O,"2-(C,N-dimethylcarbonimidoyl)-4,5-dimethylphenol"
CN=C(NC#N)NCCSCC1=C(C)N=CN1,Cimetidine
CN=C1C=CC2=CC3=CC=C(NC)C=C3OC2=C1,N-methyl-6-methyliminoxanthen-3-amine
CN=C1CN(O)C(C2=CC=CC=C2)=C2C=C(Cl)C=CC2=N1,"7-Chloro-2-(methylimino)-5-phenyl-2,3-dihydro-4H-1,4-benzodiazepin-4-ol"
CNC(=O)OC1=CC=CC2=CC=CC=C12,Carbaryl
CNC1=CC=CC=C1,N-Methylaniline
CNC1=NC2=CC=C(Cl)C=C2C(C2=CC=CC=C2)=[N+]([O-])C1,"7-Chloro-2-(methylimino)-5-phenyl-2,3-dihydro-4H-1,4-benzodiazepin-4-ol"
CNC1=NC2=CC=C(Cl)C=C2C(C2=CC=CC=C2)[N+](O)=C1,Unknown
CNC1=NC=C(C2=CC=C3C(=O)C(C(=O)O)=CN(C4CC4)C3=C2C)C=C1C,Ozenoxacin
CNCCCC12CCC(C3=CC=CC=C31)C1=CC=CC=C12,Maprotiline
CNCCCC1C2=CC=CC=C2C=CC2=CC=CC=C21,Protriptyline
CN[C@@H](C)[C@H](O)C1=CC=CC=C1,Ephedrine
COC(=O)/C=C/C1=CC=CC=C1,Unknown
COC(=O)C(CC1=CC=CC=C1)NC(=O)C(N)CC(=O)O,Methyl alpha-aspartylphenylalaninate
COC(=O)C1=C2C=CC=CC2=CC2=CC=CC=C12,Methyl 9-anthracenecarboxylate
COC(=O)C1=CC(=O)CCC1,3-Oxo-cyclohex-1-enecarboxylic acid methyl ester
COC(=O)C1=CC(O)=C(O)C(O)=C1,Methyl Gallate
COC(=O)C1=CC=C(O)C(O)=C1,"Methyl 3,4-Dihydroxybenzoate"
COC(=O)C1=CC=C(O)C(O)=C1O,"Methyl 2,3,4-trihydroxybenzoate"
COC(=O)C1=CC=C(O)C=C1,Methylparaben
COC(=O)C1=CC=CC([N+](=O)[O-])=C1,Methyl 3-nitrobenzoate
COC(=O)C1=CC=CC=C1,Methyl Benzoate
COC(=O)C=CC1=CC=CC=C1,"2-Propenoic acid, 3-phenyl-, methyl ester"
COC(=O)NC1=CC=C(OCC(O)CNC(C)C)C=C1,methyl N-[4-[2-hydroxy-3-(propan-2-ylamino)propoxy]phenyl]carbamate
COC(=O)[C@@H](C)CBr,Methyl (R)-(+)-3-bromo-2-methylpropionate
COC(=O)[C@@H](C)NC(=O)OC(C)(C)C,Boc-D-alanine methyl ester
COC(=O)[C@@H](CC1=CC=CC=C1)NC(=O)[C@H](N)CC(=O)O,(3R)-3-amino-4-[[(2R)-1-methoxy-1-oxo-3-phenylpropan-2-yl]amino]-4-oxobutanoic acid
COC(=O)[C@H](C)CBr,(-)-Methyl (S)-3-bromo-2-methylpropionate
COC(=O)[C@H](C)NC(=O)OC(C)(C)C,Boc-L-alanine methyl ester
COC(=O)[C@H](CC1=CC=CC=C1)NC(=O)[C@@H](N)CC(=O)O,Aspartame
COC(C)(C)C,tert-Butyl methyl ether
COC(COCC1=CC=CC=C1)OC,"((2,2-Dimethoxyethoxy)methyl)benzene"
COC1=CC(/C=C/C(=O)O)=CC(OC)=C1,Unknown
COC1=CC(=O)C[C@@H](C)[C@@]12OC1=C(Cl)C(OC)=CC(OC)=C1C2=O,Epigriseofulvin
COC1=CC(C(C)=O)=CC=C1O,Acetovanillone
COC1=CC(C)=C(C=CC(C)=CC=CC(C)=CC(=O)O)C(C)=C1C,"9-(4-Methoxy-2,3,6-trimethylphenyl)-3,7-dimethyl-2,4,6,8-nonatetraenoic acid"
COC1=CC(C=CC(=O)O)=CC(OC)=C1,"3-(3,5-Dimethoxyphenyl)-2-propenoic acid"
COC1=CC(C=CC(=O)O)=CC=C1O,3-(4-Hydroxy-3-Methoxyphenyl)Prop-2-Enoic Acid
COC1=CC(C=O)=CC=C1OC(C)=O,Vanillin acetate
COC1=CC(N=NC2=CC=C(S(=O)(=O)O)C=C2)=C(C)C=C1N,"Benzenesulfonic acid, 4-(2-(4-amino-5-methoxy-2-methylphenyl)diazenyl)-"
COC1=CC(NS(=O)(=O)C2=CC=C(N)C=C2)=NC(C)=N1,Sulfametomidine
COC1=CC(NS(=O)(=O)C2=CC=C(N)C=C2)=NC(OC)=N1,Sulfadimethoxine
COC1=CC(NS(=O)(=O)C2=CC=C(N)C=C2)=NC=N1,Sulfamonomethoxine
COC1=CC(O)=CC(OC)=C1,"3,5-Dimethoxyphenol"
COC1=CC2=C(C3=C1C1=C(C(=O)CC1)C(=O)O3)C1(O)C=COC1O2,"Cyclopenta(c)furo(3',2':4,5)furo(2,3-h)(1)benzopyran-1,11-dione, 2,3,6a,9a-tetrahydro-9a-hydroxy-4-methoxy-"
COC1=CC2=C(C3=C1C1=C(C(=O)CC1)C(=O)O3)C1C=COC1O2,"4-Methoxy-2,3,6a,9a-tetrahydrocyclopenta(c)furo(3',2':4,5)furo(2,3-h)(1)benzopyran-1,11-dione"
COC1=CC2=C(C3=C1C1=C(C(=O)CC1)C(=O)O3)C1CCOC1O2,Aflatoxin B2 alpha
COC1=CC2=C(C3=C1C1=C(C(=O)OCC1)C(=O)O3)C1C=COC1O2,Aflatoxins
COC1=CC2=C(C3=C1C1=C(C(=O)OCC1)C(=O)O3)C1CCOC1O2,Dihydroaflatoxin G1
COC1=CC=C(/C=C/C(=O)O)C=C1OC,Unknown
COC1=CC=C(C(C)=O)C(O)=C1,Paeonol
COC1=CC=C(C2CC(=O)C3=C(O)C=C(O)C=C3O2)C=C1O,"5,7-dihydroxy-2-(3-hydroxy-4-methoxyphenyl)-3,4-dihydro-2H-1-benzopyran-4-one"
COC1=CC=C(C=CC(=O)O)C=C1OC,"3',4'-Dimethoxycinnamic acid"
COC1=CC=C(C=[N+](O)C(C)(C)CO)C=C1,Unknown
COC1=CC=C(CC(N)CC(=O)O)C=C1,3-Amino-4-(4-methoxyphenyl)butanoic acid
COC1=CC=C(CN(CC[NH+](C)C)C2=CC=CC=N2)C=C1,"2-{[(4-Methoxyphenyl)methyl](pyridin-2-yl)amino}-N,N-dimethylethan-1-aminium"
COC1=CC=C(CO)C=C1,4-Methoxybenzyl alcohol
COC1=CC=C(COC(=O)C2=C(C3=CC=CC=C3)C3C=CC2C3)C=C1,"(4-Methoxyphenyl)methyl 3-phenylbicyclo[2.2.1]hepta-2,5-diene-2-carboxylate"
COC1=CC=C(N2C(C3=CC=CC=C3)=CC(=C3C=CC(=O)C=C3)C=C2C2=CC=CC=C2)C=C1,"4-[1-(4-Methoxyphenyl)-2,6-diphenyl-4-pyridinylidene]cyclohexa-2,5-dien-1-one"
COC1=CC=C(NC2=CC=C3C=C(S(=O)(=O)O)C=CC3=C2)C=C1,6-(4-Methoxyanilino)naphthalene-2-sulfonic acid
COC1=CC=C(NC2=CC=CC=C2C(=O)[O-])C=C1,2-(4-Methoxyanilino)benzoate
COC1=CC=C(O)C=C1,4-Methoxyphenol
COC1=CC=C(OC(C)=O)C=C1,4-Methoxyphenyl acetate
COC1=CC=C(OCCCCCCOC(=O)C2=C(C3=CC=CC=C3)C3C=CC2C3)C=C1,"6-(4-Methoxyphenoxy)hexyl 3-phenylbicyclo[2.2.1]hepta-2,5-diene-2-carboxylate"
COC1=CC=C(OC[C@H]2CN(C)CC[C@@H]2C2=CC=CC=C2)C=C1,(+)-Femoxetine
COC1=CC=C([N+](=O)[O-])C=C1,4-Nitroanisole
COC1=CC=C2C(=C1)C(CC(=O)O)=C(C)N2C(=O)C1=CC=C(Cl)C=C1,Indomethacin
COC1=CC=C2C(=C1)NC1=C(C)N=CC=C12,Harmine
COC1=CC=C2C=C(C(C)C(=O)O)C=CC2=C1,2-(6-Methoxy-2-naphthyl)propionic acid
COC1=CC=C2C=C(CCC(C)=O)C=CC2=C1,Nabumetone
COC1=CC=C2C=C([C@H](C)C(=O)O)C=CC2=C1,Naproxen
COC1=CC=C2C=C([C@H](C)C(=O)[O-])C=CC2=C1,Naproxen(1-)
COC1=CC=CC(C(=O)O)=C1,3-Methoxybenzoic Acid
COC1=CC=CC(NC2=CC=CC=C2C(=O)O)=C1,"Anthranilic acid, N-(3-methoxyphenyl)-"
COC1=CC=CC(O)=C1,3-Methoxyphenol
COC1=CC=CC2=C1C(=O)C1=C(O)C3=C(C[C@@](O)(C(C)=O)C[C@@H]3O[C@H]3C[C@H](N)[C@H](O)[C@H](C)O3)C(O)=C1C2=O,Daunorubicin
COC1=CC=CC2=CC=CC=C12,1-Methoxynaphthalene
COC1=CC=CC=C1,Anisole
COC1=CC=CC=C1/C=C/C(=O)O,Unknown
COC1=CC=CC=C1C1=NC2=CC=CC=C2S1,2-(2-Methoxyphenyl)benzothiazole
COC1=CC=CC=C1C=CC(=O)O,"2-Propenoic acid, 3-(methoxyphenyl)-"
COC1=CC=CC=C1C=CC1=CC=C2C=CC=CC2=N1,2-[2-(2-Methoxyphenyl)ethenyl]quinoline
COC1=CC=CC=C1NC1=CC=CC=C1C(=O)O,2-(2-Methoxyphenylamino)benzoic acid
COCC(C1=C(O)C2=CC=CC=C2OC1=O)C1=C(O)C2=CC=CC=C2OC1=O,Coumetarol
COCCOC(=O)C1=C(C)NC(C)=C(C(=O)OC(C)C)C1C1=CC=CC([N+](=O)[O-])=C1,Nimodipine
CO[C@@H](C(=O)OC1=CC=C([N+](=O)[O-])C=C1)C1=CC=CC=C1,(4-nitrophenyl) (2R)-2-methoxy-2-phenylacetate
CO[C@@](C(=O)O)(C1=CC=CC=C1)C(F)(F)F,(R)-alpha-Methoxy-alpha-(trifluoromethyl)phenylacetic acid
CO[C@@](C(=O)[O-])(C1=CC=CC=C1)C(F)(F)F,(R)-alpha-methoxy-alpha-trifluoromethyl phenylacetic acid
CO[C@@]12[C@H](COC(N)=O)C3=C(C(=O)C(C)=C(N)C3=O)N1C[C@@H]1N[C@@H]12,Mitomycin C
CO[C@](C(=O)O)(C1=CC=CC=C1)C(F)(F)F,"alpha-Methoxy-alpha-trifluoromethylphenylacetic acid, (-)-"
CO[C@](C(=O)[O-])(C1=CC=CC=C1)C(F)(F)F,(S)-alpha-methoxy-alpha-trifluoromethyl phenylacetic acid
CS(=O)(=O)C1=CC=C([C@@H](O)[C@@H](CO)NC(=O)C(Cl)Cl)C=C1,Thiamphenicol
CS(=O)(=O)NC1=CC=C([N+](=O)[O-])C=C1OC1=CC=CC=C1,Nimesulide
CSC1=CC=C2C=CC=CC2=C1,2-Methylmercaptonaphthalene
CSC1=CC=CC2=CC=CC=C12,"Naphthalene, 1-(methylthio)-"
CSC1=CC=CC=C1,Thioanisole
CSCC[C@@H](NC1=CC=C([N+](=O)[O-])C=C1[N+](=O)[O-])C(=O)O,"N-(2,4-Dinitrophenyl)-D-methionine"
CSCC[C@H](NC1=CC=C([N+](=O)[O-])C=C1[N+](=O)[O-])C(=O)O,"DL-Methionine, N-(2,4-dinitrophenyl)-"
C[C@@H](C1=C(CCN(C)C)CC2=CC=CC=C12)C1=CC=CC=N1,(+)-Dimethindene
C[C@@H](CC(=O)O)C1=CC=CC=C1,(3S)-3-phenylbutanoic acid
C[C@@H](CC(=O)[O-])C1=CC=CC=C1,(3S)-3-phenylbutanoate
C[C@@H](CO)CBr,(S)-(+)-3-Bromo-2-methyl-1-propanol
C[C@@H](N)C(=O)N[C@H](CC1=CC=C(O)C=C1)C(=O)O,(2R)-2-[[(2R)-2-aminopropanoyl]amino]-3-(4-hydroxyphenyl)propanoic acid
C[C@@H](N)C(=O)N[C@H](CC1=CC=CC=C1)C(=O)O,H-D-Ala-D-Phe-OH
C[C@@H](N)C1CCCCC1,(-)-1-Cyclohexylethylamine
C[C@@H](NC(=O)OC(C)(C)C)C(=O)O,BOC-D-alanine
C[C@@H](NC(=O)OC(C)(C)C)C(=O)[O-],N-t-Boc-D-alanine
C[C@@H](NC(=O)OCC1=CC=CC=C1)C(=O)N[C@@H](CC1=CC=C(O)C=C1)C(=O)O,Cbz-D-Ala-L-Tyr
C[C@@H](NC(=O)OCC1=CC=CC=C1)C(=O)O,N-Cbz-d-alanine
C[C@@H](NC(=O)OCC1=CC=CC=C1)C(=O)[O-],(2R)-2-(phenylmethoxycarbonylamino)propanoate
C[C@@H](NC(=O)[C@H](N)CC1=CC=CC=C1)C(=O)O,D-Phenylalanyl-D-alanine
C[C@@H](NS(=O)(=O)C1=CC=CC2=C(N(C)C)C=CC=C12)C(=O)O,Dansyl-d-alanine
C[C@@H](O)C1=CC=C2C=CC3=CC=CC4=CC=C1C2=C34,(1R)-1-pyren-1-ylethanol
C[C@@H](O)C1=CC=C2C=CC=CC2=C1,(R)-(+)-1-(2-Naphthyl)ethanol
C[C@@H](O)C1=CC=CC2=CC=CC=C12,(1R)-1-(Naphthalen-1-yl)ethan-1-ol
C[C@@H](O)C1=CC=CC=C1,"1-Phenylethanol, (R)-"
C[C@@H]([NH3+])C1CCCCC1,[(1R)-1-cyclohexylethyl]azanium
C[C@@H]1CCCC[C@H]1O,trans-2-Methylcyclohexanol
C[C@@H]1C[C@H]2[C@@H]3CCC4=CC(=O)C=C[C@@]4(C)[C@@]3(F)[C@@H](O)C[C@@]2(C)[C@]1(O)C(=O)CO,Unknown
C[C@@H]1C[C@H]2[C@@H]3CCC4=CC(=O)C=C[C@@]4(C)[C@]3(F)[C@@H](O)C[C@@]2(C)[C@]1(O)C(=O)CO,Unknown
C[C@@H]1C[C@H]2[C@@H]3CCC4=CC(=O)C=C[C@]4(C)[C@@]3(F)[C@@H](O)C[C@]2(C)[C@@]1(O)C(=O)CO,Dexamethasone
C[C@@H]1C[C@H]2[C@@H]3C[C@H](F)C4=CC(=O)C=C[C@]4(C)[C@H]3[C@@H](O)C[C@]2(C)[C@@]1(O)C(=O)CO,Paramethasone
C[C@@]12C=CC(=O)C=C1CC[C@@H]1[C@@H]2[C@@H](O)C[C@]2(C)[C@H]1CC[C@@]2(O)C(=O)[C@@H](O)CC(=O)O,Unknown
C[C@@]12C=CC(=O)C=C1CC[C@H]1[C@@H]3CC[C@@](O)(C(=O)CO)[C@H]3C[C@H](O)[C@@H]12,Unknown
C[C@@]12C=CC(=O)C=C1CC[C@H]1[C@@H]3CC[C@@](O)(C(=O)CO)[C@]3(C)C[C@H](O)[C@H]12,"(8S,9R,10S,11S,13R,14S,17S)-11,17-dihydroxy-17-(2-hydroxyacetyl)-10,13-dimethyl-7,8,9,11,12,14,15,16-octahydro-6H-cyclopenta[a]phenanthren-3-one"
C[C@@]12C=CC(=O)C=C1CC[C@H]1[C@@H]3C[C@@H](O)[C@@](O)(C(=O)CO)[C@]3(C)C[C@H](O)[C@]12F,"(8S,9S,10R,11S,13R,14S,16R,17R)-9-fluoro-11,16,17-trihydroxy-17-(2-hydroxyacetyl)-10,13-dimethyl-6,7,8,11,12,14,15,16-octahydrocyclopenta[a]phenanthren-3-one"
C[C@@]12CCC(=O)C=C1CC[C@@H]1[C@@H]2C(=O)C[C@]2(C)[C@H]1CC[C@@]2(O)C(=O)CO,Unknown
C[C@@]12CCC(=O)C=C1CC[C@@H]1[C@@H]2CC[C@@]2(C)[C@@H](O)CC[C@@H]12,"(8R,9S,10S,13R,14S,17S)-17-hydroxy-10,13-dimethyl-1,2,6,7,8,9,11,12,14,15,16,17-dodecahydrocyclopenta[a]phenanthren-3-one"
C[C@@]12CCC(=O)C=C1CC[C@@H]1[C@@H]2[C@@H](O)C[C@@]2(C)[C@@H](C(=O)CO)CC[C@@H]12,Unknown
C[C@@]12CCC(=O)C=C1CC[C@@H]1[C@@H]2[C@@H](O)C[C@]2(C)[C@H]1CC[C@@]2(O)C(=O)CO,"(8S,9S,10S,11S,13R,14S,17S)-11,17-dihydroxy-17-(2-hydroxyacetyl)-10,13-dimethyl-2,6,7,8,9,11,12,14,15,16-decahydro-1H-cyclopenta[a]phenanthren-3-one"
C[C@@]12CCC(=O)C=C1CC[C@@H]1[C@@H]2[C@@H](O)C[C@]2(C)[C@H]1CC[C@@]2(O)C(=O)[C@@H](O)CC(=O)O,Unknown
C[C@H](C1=C(CCN(C)C)CC2=CC=CC=C12)C1=CC=CC=N1,"Dimetindene, (R)-"
C[C@H](CC(=O)O)C1=CC=CC=C1,(3R)-3-phenylbutanoic acid
C[C@H](CC(=O)[O-])C1=CC=CC=C1,(3R)-3-phenylbutanoate
C[C@H](CCC(=O)NCC(=O)O)[C@H]1CC[C@H]2[C@H]3[C@H](C[C@H](O)[C@]21C)[C@]1(C)CC[C@@H](O)C[C@H]1C[C@H]3O,"2-[[(4R)-4-[(3R,5S,7R,8R,9S,10R,12S,13S,14S,17R)-3,7,12-trihydroxy-10,13-dimethyl-2,3,4,5,6,7,8,9,11,12,14,15,16,17-tetradecahydro-1H-cyclopenta[a]phenanthren-17-yl]pentanoyl]amino]acetic acid"
C[C@H](CCC(=O)NCC(=O)[O-])[C@H]1CC[C@H]2[C@H]3[C@H](C[C@H](O)[C@@]21C)[C@@]1(C)CC[C@@H](O)C[C@H]1C[C@H]3O,"N-(3alpha,7alpha,12alpha-trihydroxy-5beta-cholan-24-oyl)glycinate"
C[C@H](CCC(=O)NCCS(=O)(=O)[O-])[C@H]1CC[C@H]2[C@H]3[C@H](C[C@H](O)[C@@]21C)[C@@]1(C)CC[C@@H](O)C[C@H]1C[C@H]3O,Taurocholate
C[C@H](CCC(=O)O)[C@H]1CC[C@H]2[C@@H]3C(=O)C[C@@H]4CC(=O)CC[C@]4(C)[C@H]3CC(=O)[C@@]21C,Dehydrocholic Acid
C[C@H](CCC(=O)O)[C@H]1CC[C@H]2[C@@H]3CC[C@@H]4C[C@H](O)CC[C@@]4(C)[C@H]3C[C@H](O)[C@]21C,"(4R)-4-[(3R,5R,8R,9S,10R,12S,13S,14S,17R)-3,12-dihydroxy-10,13-dimethyl-2,3,4,5,6,7,8,9,11,12,14,15,16,17-tetradecahydro-1H-cyclopenta[a]phenanthren-17-yl]pentanoic acid"
C[C@H](CCC(=O)O)[C@H]1CC[C@H]2[C@@H]3[C@@H](O)C[C@@H]4C[C@H](O)CC[C@@]4(C)[C@H]3CC[C@]21C,Unknown
C[C@H](CCC(=O)O)[C@H]1CC[C@H]2[C@H]3[C@H](CC[C@]21C)[C@]1(C)CC[C@@H](O)C[C@H]1C[C@H]3O,Unknown
C[C@H](CCC(=O)O)[C@H]1CC[C@H]2[C@H]3[C@H](C[C@H](O)[C@@]21C)[C@@]1(C)CC[C@@H](O)C[C@H]1C[C@H]3O,Cholic Acid
C[C@H](CCC(=O)O)[C@H]1CC[C@H]2[C@H]3[C@H](C[C@H](O)[C@]21C)[C@]1(C)CC[C@@H](O)C[C@H]1C[C@H]3O,"(4R)-4-[(3R,5S,7R,8R,9S,10R,12S,13S,14S,17R)-3,7,12-trihydroxy-10,13-dimethyl-2,3,4,5,6,7,8,9,11,12,14,15,16,17-tetradecahydro-1H-cyclopenta[a]phenanthren-17-yl]pentanoic acid"
C[C@H](CCC(=O)[O-])[C@H]1CC[C@H]2[C@H]3[C@H](C[C@H](O)[C@@]21C)[C@@]1(C)CC[C@@H](O)C[C@H]1C[C@H]3O,Cholate
C[C@H](CO)CBr,(R)-(-)-3-Bromo-2-methyl-1-propanol
C[C@H](N)C(=O)N[C@@H](CC1=CC=C(O)C=C1)C(=O)O,L-Alanyl-L-tyrosine
C[C@H](N)C1CCCCC1,(S)-(+)-1-Cyclohexylethylamine
C[C@H](NC(=O)OC(C)(C)C)C(=O)O,Tert-butoxycarbonylalanine
C[C@H](NC(=O)OC(C)(C)C)C(=O)[O-],Unknown
C[C@H](NC(=O)OCC1=CC=CC=C1)C(=O)O,N-carbobenzyloxyalanine
C[C@H](NC(=O)OCC1=CC=CC=C1)C(=O)[O-],(2S)-2-(phenylmethoxycarbonylamino)propanoate
C[C@H](NC(=O)[C@@H](N)CC1=CC=CC=C1)C(=O)O,L-Phenylalanyl-L-alanine
C[C@H](NS(=O)(=O)C1=CC=CC2=C(N(C)C)C=CC=C12)C(=O)O,Dansyl-L-alanine Piperidinium Salt
C[C@H](O)C1=CC=C2C=CC3=CC=CC4=CC=C1C2=C34,(S)-1-(1-Pyrenyl)ethanol
C[C@H](O)C1=CC=C2C=CC=CC2=C1,(S)-(-)-1-(2-Naphthyl)ethanol
C[C@H](O)C1=CC=CC2=CC=CC=C12,1-(Naphthalen-1-yl)ethan-1-ol
C[C@H](O)C1=CC=CC=C1,"1-Phenylethanol, (S)-"
C[C@H]([NH3+])C1CCCCC1,[(1S)-1-cyclohexylethyl]azanium
C[C@H]1CCCC[C@H]1O,cis-2-Methylcyclohexanol
C[C@H]1C[C@H]2[C@@H]3CCC4=CC(=O)C=C[C@@]4(C)[C@]3(F)[C@@H](O)C[C@@]2(C)[C@]1(O)C(=O)CO,Unknown
C[C@H]1C[C@H]2[C@@H]3CCC4=CC(=O)C=C[C@]4(C)[C@@]3(F)[C@@H](O)C[C@]2(C)[C@@]1(O)C(=O)CO,Betamethasone
C[C@H]1C[C@H]2[C@@H]3CC[C@@](O)(C(=O)CO)[C@]3(C)C[C@H](O)[C@H]2[C@]2(C)C=CC(=O)C=C12,Unknown
C[C@]12CC(=O)[C@H]3[C@@H](CCC4=CC(=O)CC[C@@]43C)[C@@H]1CC[C@]2(O)C(=O)CO,Cortisone
C[C@]12CC[C@H]3[C@@H](CCC4=CC(=O)CC[C@@]43C)[C@@H]1CC[C@@H]2O,Testosterone
C[C@]12C[C@H](O)[C@@]3(F)[C@@H](CCC4=CC(=O)C=C[C@@]43C)[C@@H]1C[C@@H](O)[C@]2(O)C(=O)CO,Triamcinolone
C[C@]12C[C@H](O)[C@H]3[C@@H](CCC4=CC(=O)C=C[C@@]43C)[C@@H]1CC[C@]2(O)C(=O)CO,Prednisolone
C[C@]12C[C@H](O)[C@H]3[C@@H](CCC4=CC(=O)CC[C@@]43C)[C@@H]1CC[C@@H]2C(=O)CO,Corticosterone
C[C@]12C[C@H](O)[C@H]3[C@@H](CCC4=CC(=O)CC[C@@]43C)[C@@H]1CC[C@]2(O)C(=O)CO,Cortisol
C[N+](C)(C)CC1=CC=C(Br)C2=CC=CC=C12,Unknown
C[N+](C)(C)CCCCCC1=CC=C(Br)C2=CC=CC=C12,Unknown
C[N+](C)(C)CCCCCCCCCCC1=CC=C(Br)C2=CC=CC=C12,Unknown
C[N+](C)(C)CCCCCCCCCC[N+](C)(C)C,Decamethonium
C[N+]1=CC=C(C2=CC=[N+](C34CC5CC(CC(C5)C3)C4)C=C2)C=C1,1-(1-Adamantyl)-4-(1-methylpyridin-1-ium-4-yl)pyridin-1-ium
C[NH+](C)C1=CC=C(N=NC2=CC=CC=C2)C=C1,Dimethyl-(4-phenyldiazenylphenyl)azanium
C[NH+](C)CCCN1C2=CC=CC=C2CCC2=CC=CC=C21,"3-(5,6-Dihydrobenzo[b][1]benzazepin-11-yl)propyl-dimethylazanium"
C[NH+](C)CCCN1C2=CC=CC=C2SC2=CC=C(Cl)C=C21,"10H-Phenothiazine-10-propanamine, 2-chloro-N,N-dimethyl-, conjugate acid (1:1)"
C[NH+](C)CCCN1C2=CC=CC=C2SC2=CC=CC=C21,Dimethyl(3-phenothiazin-10-ylpropyl)azanium
C[NH+](C)CCN(CC1=CC=CS1)C1=CC=CC=N1,Dimethyl-[2-[pyridin-2-yl(thiophen-2-ylmethyl)amino]ethyl]azanium
C[NH+](C)CCN(CC1=CSC=C1)C1=CC=CC=N1,Dimethyl-[2-[pyridin-2-yl(thiophen-3-ylmethyl)amino]ethyl]azanium
C[NH+](C)CCOC(C1=CC=CC=C1)C1=CC=CC=C1,2-Benzhydryloxyethyl(dimethyl)azanium
C[NH+]1CCC(OC(C2=CC=CC=C2)C2=CC=CC=C2)CC1,4-Benzhydryloxy-1-methylpiperidin-1-ium
ClC(Cl)(Cl)Cl,Carbon Tetrachloride
ClC12CCC(Cl)(CC1)N=N2,"2,3-Diazabicyclo(2.2.2)oct-2-ene, 1,4-dichloro-"
ClC1=CC=C(COC(C[N+]2=CNC=C2)C2=CC=C(Cl)C=C2Cl)C(Cl)=C1,"3-[2-(2,4-dichlorophenyl)-2-[(2,4-dichlorophenyl)methoxy]ethyl]-1H-imidazol-3-ium"
ClC1=CC=C(Cl)C=C1,"1,4-Dichlorobenzene"
ClC1=CC=CC2=CC=CC=C12,1-Chloronaphthalene
ClC1=CC=CC=C1,Chlorobenzene
ClCC1=CC=CC=C1,Benzyl Chloride
FC1=CC=C(Br)C=C1,1-Bromo-4-fluorobenzene
FC1=CC=C(Cl)C=C1,"Benzene, 1-chloro-4-fluoro-"
FC1=CC=C(I)C=C1,4-Fluoroiodobenzene
FC1=CC=C([C@@H]2CCNC[C@H]2COC2=CC=C3OCOC3=C2)C=C1,Paroxetine
FC1=CC=CC(F)=C1C1SCC2=NC3=CC=CC=C3N21,"1-(2',6'-difluorophenyl)-1H,3H-thiazolo(3,4-a)benzimidazole"
F[P-](F)(F)(F)(F)F,Hexafluorophosphate
IC1=CC=C(I)C=C1,p-Diiodobenzene
IC1=CC=CC=C1,Iodobenzene
I[IH]I,Triiodide ion
N#CC1=CC=C(N)C=C1,4-Aminobenzonitrile
N#CC1=CC=C(O)C=C1,4-Cyanophenol
N#CC1=CC=C([O-])C=C1,4-Cyanophenolate
N#CC1=CC=C2SC3=CC=CC=C3N(CCC[NH+]3CCC(O)CC3)C2=C1,10-[3-(4-Hydroxypiperidin-1-ium-1-yl)propyl]phenothiazine-2-carbonitrile
N#CC1=CC=CC2=CC=CC=C12,1-Naphthalenecarbonitrile
N#CC1=CC=CC=C1,Benzonitrile
N=C1C=C(N2CCCCC2)N=C(N)N1O,Minoxidil
NC(=O)C1=CC=CC2=CC=CC=C12,1-Naphthalenecarboxamide
NC(=O)C1=CC=CC=C1O,Salicylamide
NC(=O)CCCN=C(C1=CC=C(Cl)C=C1)C1=CC(F)=CC=C1O,Progabide
NC(=O)[C@@H](N)CC1=CC=CC=C1,Phenylalanine amide
NC(=O)[C@H](N)CC1=CC=CC=C1,(2R)-2-amino-3-phenylpropanamide
NC(C(=O)O)C(C1=CC=CC=C1)C1=CC=CC=C1,"3,3-Diphenylalanine"
NC(CCCCN1C=C2C=CC=CC2=C1SCCO)C(=O)O,Unknown
NC(N)=NS(=O)(=O)C1=CC=C(N)C=C1,Sulfaguanidine
NC12CC3CC(CC(C3)C1)C2,Amantadine
NC1=CC=C(C(=O)O)C(O)=C1,4-Aminosalicylic Acid
NC1=CC=C(C(=O)O)C=C1,4-Aminobenzoic Acid
NC1=CC=C(C2=CC=C(N)C=C2)C=C1,Benzidine
NC1=CC=C(C=CC(=O)O)C=C1,3-(4-Aminophenyl)prop-2-enoic acid
NC1=CC=C(Cl)C=C1,4-Chloroaniline
NC1=CC=C(I)C=C1,4-Iodoaniline
NC1=CC=C(S(=O)(=O)C2=CC=C(N)C=C2)C=C1,Dapsone
NC1=CC=C(S(=O)(=O)NC2=CC=CC=N2)C=C1,Sulfapyridine
NC1=CC=C(S(=O)(=O)NC2=CC=NN2C2=CC=CC=C2)C=C1,Sulfaphenazole
NC1=CC=C(S(=O)(=O)NC2=NC=CC=N2)C=C1,Sulfadiazine
NC1=CC=C(S(=O)(=O)NC2=NC=CS2)C=C1,Sulfathiazole
NC1=CC=C(S(N)(=O)=O)C=C1,Sulfanilamide
NC1=CC=C([N+](=O)[O-])C=C1,4-Nitroaniline
NC1=CC=C2C(=O)N(C3CCCCC3)C(=O)C2=C1,"5-Amino-2-cyclohexylisoindole-1,3-dione"
NC1=CC=C2C(=O)NC(=O)C2=C1,4-Aminophthalimide
NC1=CC=C2C(=O)NC(=O)C3=C2C1=CC=C3,"4-Amino-1,8-naphthalimide"
NC1=CC=C2C=CC=CC2=C1,2-Naphthylamine
NC1=CC=CC(I)=C1,3-Iodoaniline
NC1=CC=CC2=CC=CC=C12,1-Naphthylamine
NC1=CC=CC=C1C(=O)O,Anthranilic Acid
NC1=CC=CC=C1[N+](=O)[O-],2-Nitroaniline
NC1=NC(C2=CC=CC=C2)=C(Br)C(=O)N1,Bropirimine
NC1=NC(N)=C2N=C(C3=CC=CC=C3)C(N)=NC2=N1,Triamterene
NC1=NC(N)=NC(NC2=CC=C([As]3SCC(CO)S3)C=C2)=N1,Melarsoprol
NCC(=O)N[C@@H](CC1=CC=C(O)C=C1)C(=O)O,Glycyl-L-tyrosine
NCCCCCCCCCCC(=O)O,11-Aminoundecanoic acid
NNC(=O)C1=CC=CO1,"2-Furancarboxylic acid, hydrazide"
NNCC1=CC=CC(O)=C1,3-(Hydrazinylmethyl)phenol
NS(=O)(=O)C1=CC(C2(O)NC(=O)C3=CC=CC=C32)=CC=C1Cl,Chlorthalidone
NS(=O)(=O)C1=CC2=C(C=C1C(F)(F)F)NC(CC1=CC=CC=C1)NS2(=O)=O,Bendroflumethiazide
NS(=O)(=O)C1=CC2=C(C=C1Cl)NCNS2(=O)=O,Hydrochlorothiazide
NS(=O)(=O)C1=CC=C(C2=CON=C2C2=CC=CC=C2)C=C1,"4-(3-Phenyl-1,2-oxazol-4-yl)benzenesulfonamide"
N[C@@H](CC1=CC=C(O)C=C1)C(=O)O,L-Tyrosine
N[C@@H](CC1=CC=CC=C1)C(=O)N[C@@H](CC1=CC=CC=C1)C(=O)O,L-Phenylalanyl-L-phenylalanine
N[C@@H](CC1=CC=CC=C1)C(=O)O,L-Phenylalanine
N[C@@H](CC1=CNC2=CC=CC=C12)C(=O)O,L-Tryptophan
N[C@H](CC1=CC=CC=C1)C(=O)N[C@H](CC1=CC=CC=C1)C(=O)O,(R)-2-((R)-2-Amino-3-phenylpropanamido)-3-phenylpropanoic acid
O=C(C1=CC=C(O)C=C1)C1=CC=C(O)C=C1,"4,4'-Dihydroxybenzophenone"
O=C(C1=CC=C(O)C=C1O)C1=CC=C(O)C=C1O,"2,2',4,4'-Tetrahydroxybenzophenone"
O=C(C1=CC=CC=C1)C1=CC=CC(NC2=CC=CC=C2C(=O)O)=C1,"Anthranilic acid, N-(3-benzoylphenyl)-"
O=C(C1=CC=CC=C1)C1=CC=CC=C1,Benzophenone
O=C(C1=CC=CC=C1)C1=CC=CN=C1,Phenyl-3-pyridinylmethanone
O=C(C1=NNCC1C1=CC=C(O)C=C1)C1=CC=CC=N1,Unknown
O=C(C1=NNCC1C1=CC=C(O)C=C1)C1=CC=CN=C1,Unknown
O=C(C1=NNCC1C1=CC=C(O)C=C1)C1=CC=NC=C1,Unknown
O=C(C1=NNCC1C1=CC=CC=C1)C1=CC=CC=N1,Unknown
O=C(C1=NNCC1C1=CC=CC=C1)C1=CC=CN=C1,Unknown
O=C(C1=NNCC1C1=CC=CC=C1)C1=CC=NC=C1,Unknown
O=C(C1CCCCC1)N1CC(=O)N2CCC3=CC=CC=C3C2C1,Praziquantel
O=C(C=C(O)C(F)(F)F)C1=CC=CC=C1,"1,1,1-Trifluoro-2-hydroxy-4-phenyl-2-butene-4-one"
O=C(C=CC1=CC=C(O)C(O)=C1)OC1CC(O)(C(=O)O)CC(O)C1O,"3-((3-(3,4-Dihydroxyphenyl)prop-2-enoyl)oxy)-1,4,5-trihydroxycyclohexane-1-carboxylic acid"
O=C(CC(=O)C(F)(F)F)C1=CC=C2C=CC=CC2=C1,"4,4,4-Trifluoro-1-(2-naphthalenyl)-1,3-butanedione"
O=C(CC(=O)C(F)(F)F)C1=CC=CC=C1,"4,4,4-Trifluoro-1-phenyl-1,3-butanedione"
O=C(CC1=CC=C2C=CC=CC2=C1)C(F)(F)F,"1-(2-Naphthyl)-3,3,3-trifluoroacetone"
O=C(CCC1=CC=C(O)C=C1)C1=C(O)C=C(O)C=C1OC1OC(CO)C(O)C(O)C1O,Phlorizine
O=C(CCC1=CC=C(O)C=C1)C1=C(O)C=C(O)C=C1O[C@@H]1O[C@H](CO)[C@@H](O)[C@H](O)[C@H]1O,Phlorizin
O=C(CCCN1CCC(O)(C2=CC=CC(Cl)=C2)CC1)C1=CC=C(F)C=C1,4-[4-(3-Chlorophenyl)-4-hydroxypiperidin-1-yl]-1-(4-fluorophenyl)butan-1-one
O=C(NC(CO)C(=O)O)OCC1=CC=CC=C1,N-carbobenzoxy-serine
O=C(NC1=CC=C([N+](=O)[O-])C=C1)C(F)(F)C(F)(F)C(F)(F)C(F)(F)F,"2,2,3,3,4,4,5,5,5-Nonafluoro-N-(4-nitrophenyl)pentanamide"
O=C(NC1=CC=C([N+](=O)[O-])C=C1)C(F)(F)C(F)(F)F,"2,2,3,3,3-pentafluoro-N-(4-nitrophenyl)propanamide"
O=C(NC1=CC=C2C(=O)C=C(C3=NNN=N3)OC2=C1)C1=CC=C(OCCCCC2=CC=CC=C2)C=C1,"N-[4-oxo-2-(2H-1,2,3,4-tetrazol-5-yl)-4H-chromen-7-yl]-4-(4-phenylbutoxy)benzamide"
O=C(N[C@@H](C(=O)O)C1=CC=CC=C1)C1=CC([N+](=O)[O-])=CC([N+](=O)[O-])=C1,"N-(3,5-Dinitrobenzoyl)phenylglycine"
O=C(N[C@@H](CC1=CC=C(O)C=C1)C(=O)O)OCC1=CC=CC=C1,N-benzyloxycarbonyl-l-tyrosine
O=C(N[C@@H](CC1=CC=CC=C1)C(=O)O)OCC1=CC=CC=C1,Benzyloxycarbonyl-L-phenylalanine
O=C(N[C@@H](CCC1=CC=CC=C1)C(=O)O)C1=CC([N+](=O)[O-])=CC([N+](=O)[O-])=C1,"(2S)-2-[(3,5-dinitrobenzoyl)amino]-4-phenylbutanoic acid"
O=C(N[C@H](C(=O)O)C1=CC=CC=C1)C1=CC([N+](=O)[O-])=CC([N+](=O)[O-])=C1,"(S)-(+)-N-(3,5-Dinitrobenzoyl)-alpha-phenylglycine"
O=C(N[C@H](CC1=CC=C(O)C=C1)C(=O)O)OCC1=CC=CC=C1,(R)-2-(((benzyloxy)carbonyl)amino)-3-(4-hydroxyphenyl)propanoic acid
O=C(N[C@H](CC1=CC=CC=C1)C(=O)O)OCC1=CC=CC=C1,N-(Benzyloxycarbonyl)-D-phenylalanine
O=C(N[C@H](CCC1=CC=CC=C1)C(=O)O)C1=CC([N+](=O)[O-])=CC([N+](=O)[O-])=C1,"(2R)-2-[(3,5-dinitrobenzoyl)amino]-4-phenylbutanoic acid"
O=C(N[C@H](CO)[C@H](O)C1=CC=C([N+](=O)[O-])C=C1)C(Cl)Cl,Chloramphenicol
O=C(O)/C=C/C1=CC=C(O)C(O)=C1,Unknown
O=C(O)/C=C/C1=CC=C(O)C=C1,Unknown
O=C(O)/C=C/C1=CC=CC(O)=C1,Unknown
O=C(O)/C=C/C1=CC=CC([N+](=O)[O-])=C1,Unknown
O=C(O)/C=C/C1=CC=CC=C1O,Unknown
O=C(O)/C=C/C1=CC=CC=C1[N+](=O)[O-],Unknown
O=C(O)/C=C/C=C/C1=CC=CC=C1,Unknown
O=C(O)C(F)(F)C(F)(F)C(F)(F)C(F)(F)C(F)(F)C(F)(F)C(F)(F)C(F)(F)F,Perfluorononanoic acid
O=C(O)C(F)(F)C(F)(F)C(F)(F)C(F)(F)C(F)(F)C(F)(F)C(F)(F)F,Perfluorooctanoic acid
O=C(O)C(F)(F)C(F)(F)C(F)(F)C(F)(F)C(F)(F)C(F)(F)F,Perfluoroheptanoic acid
O=C(O)C(F)(F)C(F)(F)C(F)(F)F,Heptafluorobutyric acid
O=C(O)C12CC3CC(CC(C3)C1)C2,1-Adamantanecarboxylic acid
O=C(O)C12CC3CC(CC1C3)C2,"Hexahydro-2,5-methanopentalene-3a(1H)-carboxylic acid"
O=C(O)C1=CC(C2=CC=C(F)C=C2F)=CC=C1O,Diflunisal
O=C(O)C1=CC(N=NC2=CC=C(Cl)C=C2)=CC=C1O,5-(2-(4-Chlorophenyl)diazenyl)-2-hydroxybenzoic acid
O=C(O)C1=CC(N=NC2=CC=C([N+](=O)[O-])C=C2)=CC=C1O,Mordant Orange 1
O=C(O)C1=CC(O)=C(O)C(O)=C1,Gallic Acid
O=C(O)C1=CC2=CC=CC=C2C=C1O,3-Hydroxy-2-naphthoic acid
O=C(O)C1=CC=C(C(=O)CC(=O)C(F)(F)F)C=C1,4-Carboxybenzoyltrifluoroacetone
O=C(O)C1=CC=C(C(=O)O)C=C1,Terephthalic Acid
O=C(O)C1=CC=C(N=NC2=CC=C(C(=O)O)C=C2)C=C1,"4,4'-Azobisbenzoic acid"
O=C(O)C1=CC=C(N=NC2=CC=C([O-])C=C2)C=C1,4-[(4-Hydroxyphenyl)azo]benzoate
O=C(O)C1=CC=C(NC2=CC=CC=C2C(=O)O)C=C1,2-((4-Carboxyphenyl)amino)benzoic acid
O=C(O)C1=CC=C(O)C(O)=C1,Protocatechuic Acid
O=C(O)C1=CC=C(O)C=C1,4-Hydroxybenzoic Acid
O=C(O)C1=CC=C(O)C=C1O,"2,4-Dihydroxybenzoic Acid"
O=C(O)C1=CC=C([N+](=O)[O-])C=C1,4-Nitrobenzoic Acid
O=C(O)C1=CC=CC(Br)=C1,3-Bromobenzoic acid
O=C(O)C1=CC=CC(C(=O)O)=C1,Isophthalic Acid
O=C(O)C1=CC=CC(Cl)=C1,3-Chlorobenzoic Acid
O=C(O)C1=CC=CC(N=NC2=CC=C([O-])C=C2)=C1,3-[(4-Hydroxyphenyl)azo]benzoate
O=C(O)C1=CC=CC(NC2=CC=CC=C2C(=O)O)=C1,2-((3-Carboxyphenyl)amino)benzoic acid
O=C(O)C1=CC=CC(O)=C1,3-Hydroxybenzoic Acid
O=C(O)C1=CC=CC2=CC=CC=C12,1-Naphthoic acid
O=C(O)C1=CC=CC=C1,Benzoic Acid
O=C(O)C1=CC=CC=C1C1=C2C=CC(=O)C=C2OC2=CC(O)=CC=C12,2-(6-Hydroxy-3-oxo-3H-xanthen-9-yl)benzoic acid
O=C(O)C1=CC=CC=C1NC1=CC=CC(C(F)(F)F)=C1,Flufenamic Acid
O=C(O)C1=CC=CC=C1NC1=CC=CC([N+](=O)[O-])=C1,"Anthranilic acid, N-m-nitrophenyl-"
O=C(O)C1=CC=CC=C1NC1=CC=CC=C1Cl,2-[(2-Chlorophenyl)amino]benzoic acid
O=C(O)C1=CC=CC=C1O,Salicylic Acid
O=C(O)C1=CC=C[CH]1,"Cyclopenta-1,3-diene-1-carboxylic Acid"
O=C(O)C1=NN(C2=CC=C(S(=O)(=O)O)C=C2)C(=O)/C1=N\NC1=CC=C(S(=O)(=O)O)C=C1,Unknown
O=C(O)C1CCCC1,Cyclopentanecarboxylic acid
O=C(O)C1CCCCC1,Cyclohexanecarboxylic acid
O=C(O)C=CC1=CC=C(O)C=C1,4-Coumaric acid
O=C(O)C=CC1=CC=CC=C1O,3-(2-Hydroxyphenyl)-2-propenoic acid
O=C(O)C=CC1=CC=CC=C1[N+](=O)[O-],"2-Propenoic acid, 3-(nitrophenyl)-"
O=C(O)C=CC=CC1=CC=CC=C1,"5-Phenyl-2,4-pentadienoic acid"
O=C(O)CC(=O)C1=CC=CC(Cl)=C1,3-Chlorobenzoylacetic acid
O=C(O)CC12CC3CC(CC(C3)C1)C2,1-Adamantaneacetic acid
O=C(O)CC12CC3CC(CC(C3)C1=O)C2,2-Oxoadamantan-1-acetic acid
O=C(O)CC1=CC=C(C2=CC=CC=C2)C=C1,Felbinac
O=C(O)CC1=CC=CC2=CC=CC=C12,1-Naphthaleneacetic Acid
O=C(O)CC1=CC=CC=C1,Phenylacetic Acid
O=C(O)CC1=CNC2=CC=CC=C12,Indole-3-Acetic Acid
O=C(O)CC1CC2CCC1C2,Norborn-2-ylacetic acid
O=C(O)CC1CCCCC1,Cyclohexaneacetic acid
O=C(O)CCC(=O)C1=CC=C(C2=CC=CC=C2)C=C1,Fenbufen
O=C(O)CCC(=O)O,Succinic Acid
O=C(O)CCC1=CC=CC=C1,Benzenepropanoic acid
O=C(O)CCC1CCCCC1,Cyclohexanepropanoic acid
O=C(O)CCCC(=O)O,Glutaric Acid
O=C(O)CCCC1CCCCC1,Cyclohexanebutanoic acid
O=C(O)CCCCC(=O)O,Adipic Acid
O=C(O)CCCCCC(=O)O,Pimelic Acid
O=C(O)CCCCCCC(=O)O,Suberic acid
O=C(O)CCCCCCCC(=O)O,Azelaic Acid
O=C(O)CCCCCCCCC(=O)O,Sebacic Acid
O=C(O)CCCCCCCCCC(=O)O,Undecanedioic Acid
O=C(O)CC[C@@H](NC(=O)OCC1=CC=CC=C1)C(=O)N[C@@H](CC1=CC=C(O)C=C1)C(=O)O,Z-D-Glu-L-Tyr
O=C(O)CNC(=O)OCC1=CC=CC=C1,Benzyloxycarbonylglycine
O=C(O)CNC1=CC=C([N+](=O)[O-])C=C1,"Glycine, N-(4-nitrophenyl)-"
O=C(O)COC1=CC=C2C=CC=CC2=C1,2-Naphthoxyacetic acid
O=C(O)[C@@H](O)C1=CC=CC=C1,(S)-mandelic acid
O=C(O)[C@@H](O)C1CCCCC1,(2s)-Cyclohexyl(hydroxy)acetic acid
O=C(O)[C@@H]1CCCN1C1=CC=C([N+](=O)[O-])C=C1,N-(4-nitrophenyl)-L-proline
O=C(O)[C@H](CC1=CC=CC=C1)NC(=O)[C@H]1CCCN1C(=O)OCC1=CC=CC=C1,Cbz-D-Pro-L-Phe
O=C(OCC(O)CO)C1=CC=CC=C1NC1=CC=NC2=CC(Cl)=CC=C12,Glafenine
O=C(OCC1=CC=CC=C1)C1=C(C2=CC=CC=C2)C2C=CC1C2,"Benzyl 3-phenylbicyclo[2.2.1]hepta-2,5-diene-2-carboxylate"
O=C(OCC1=CC=CC=C1)C1=CC=C(O)C=C1,Benzyl 4-Hydroxybenzoate
O=C([O-])C(F)(F)C(F)(F)C(F)(F)C(F)(F)C(F)(F)C(F)(F)C(F)(F)C(F)(F)F,Perfluorononanoate
O=C([O-])C(F)(F)C(F)(F)C(F)(F)C(F)(F)C(F)(F)C(F)(F)C(F)(F)F,Perfluorooctanoate
O=C([O-])C(F)(F)C(F)(F)C(F)(F)C(F)(F)C(F)(F)C(F)(F)F,Perfluoroheptanoate
O=C([O-])C(F)(F)C(F)(F)C(F)(F)F,Perfluorobutyrate
O=C([O-])C12CC3CC(CC(C3)C1)C2,Adamantane-1-carboxylate
O=C([O-])C1=CC=C2C=CC=CC2=C1,2-Naphthoate
O=C([O-])C1=CC=CC=C1NC1=CC=C([N+](=O)[O-])C=C1,2-(4-Nitroanilino)benzoate
O=C([O-])C1=CC=CC=C1NC1=CC=CC=C1[N+](=O)[O-],2-(2-nitroanilino)benzoate
O=C([O-])C1CCCCC1,Cyclohexanecarboxylate
O=C([O-])CC1=CC=CC2=CC=CC=C12,1-Naphthylacetate
O=C([O-])CC1CCCCC1,CID 22140701
O=C([O-])CCC1=CC=C(O)C=C1,Phloretate
O=C([O-])CCC1=CC=CC=C1,3-Phenylpropionate
O=C([O-])CCCC1=CC=CC=C1,4-Phenylbutyrate
O=C([O-])CCCCC(=O)O,Adipate(1-)
O=C([O-])CCCCCCCC(=O)[O-],Azelate
O=C([O-])CCCCCCCCC(=O)[O-],Sebacate dianion
O=C([O-])CCCCCCCCCCC(=O)[O-],Dodecanedioate
O=C([O-])CNC(=O)OCC1=CC=CC=C1,N-benzyloxycarbonylglycinate
O=C([O-])COC1=CC=C2C=CC=CC2=C1,2-Naphthalen-2-yloxyacetate
O=C([O-])[C@@H](O)C1CCCCC1,(2S)-2-cyclohexyl-2-hydroxyacetate
O=C([O-])[C@H](O)C1CCCCC1,(R)-hexahydromandelic acid
O=C/C=C/C1=CC=CC=C1,Unknown
O=C1C(O)=C(C2=CC=C(O)C(O)=C2)OC2=CC(O)=CC(O)=C12,Quercetin
O=C1C(O)=C(C2=CC=C(O)C=C2O)OC2=CC(O)=CC(O)=C12,Morin
O=C1C(O)=C(C2=CC=CC=C2)OC2=CC=CC=C12,Flavonol
O=C1C2=CC=CC=C2C2=CC=CC=C12,Fluorenone
O=C1C=C(O)C2=CC=CC=C2O1,4-Hydroxycoumarin
O=C1C=C/C(=N/NC2=CC=C(S(=O)(=O)O)C3=CC=CC=C23)C2=CC=CC=C12,Unknown
O=C1C=C/C(=N/NC2=CC=C(S(=O)(=O)O)C=C2)C2=CC=CC=C12,Unknown
O=C1C=CC2=CC(S(=O)(=O)O)=CC=C2C1=NNC1=CC=C([N+](=O)[O-])C=C1,1-(4'-Nitrophenylazo)-2-hydroxy-6-sulfonaphthalene
O=C1C=CC2=CC=CC=C2C1=NNC1=CC=C(S(=O)(=O)O)C=C1,4-((2-Hydroxy-1-naphthyl)azo)benzenesulphonic acid
O=C1CC(=O)NC(=O)N1,Barbituric Acid
O=C1CC(C2=CC=C(O)C=C2)OC2=CC(O)=CC(O)=C12,(+-)-Naringenin
O=C1CCC2=CC(O)=CC=C2N1,"6-Hydroxy-3,4-dihydro-2(1H)-quinolinone"
O=C1CCC2=CC=CC3=C2N1CC3,Pyroquilon
O=C1CCCC2=C1CC1=C(CCCC1=O)N2C1=CC=C(Cl)C=C1,"10-(4-Chlorophenyl)-3,4,6,7,9,10-hexahydro-1,8(2H,5H)-acridinedione"
O=C1CCCCC1,Cyclohexanone
O=C1NC(=O)C(C2=CC=CC=C2)(C2=CC=CC=C2)N1,Phenytoin
O=C1NC(=O)C2=C3C1=CC=CC3=CC=C2,Naphthalimide
O=C1NC(=O)C2=CC3=CC=CC=C3C=C12,"2,3-Naphthalenedicarboximide"
O=C1NC2=CC(Cl)=CC=C2O1,Chlorzoxazone
O=C1NC2=CC=C(Cl)C=C2C(C2=CC=CC=C2)=NC1O,Oxazepam
O=C1NC2=CC=C(Cl)C=C2C(C2=CC=CC=C2Cl)=NC1O,Lorazepam
O=C1OC(C2=CC(Br)=C([O-])C(Br)=C2)(C2=CC(Br)=C([O-])C(Br)=C2)C2=CC=CC=C12,"2,6-Dibromo-4-[1-(3,5-dibromo-4-oxidophenyl)-3-oxo-2-benzofuran-1-yl]phenolate"
O=C1OC(C2=CC=C(O)C3=CC=CC=C23)(C2=CC=C(O)C3=CC=CC=C23)C2=CC=CC=C12,alpha-Naphtholphthalein
O=C1OC(C2=CC=C(O)C=C2)(C2=CC=C(O)C=C2)C2=CC=CC=C12,Phenolphthalein
O=C1OC(C2=CC=C([O-])C=C2)(C2=CC=C([O-])C=C2)C2=CC=CC=C12,4-[1-(4-Oxidophenyl)-3-oxo-2-benzofuran-1-yl]phenolate
O=C1OC(C2=CC=CC3=C(O)C=CC=C23)(C2=CC=C(O)C3=CC=CC=C23)C2=CC=CC=C12,"3,3-Bis(5-hydroxynaphthyl)-3-hydroisobenzofuran-1-one"
O=C1OC2(C3=CC=C(O)C=C3OC3=CC(O)=CC=C32)C2=CC=CC=C12,Fluorescein
O=C1OC2(C3=CC=C([O-])C=C3OC3=CC([O-])=CC=C32)C2=CC=CC=C12,"3-Oxo-3H-spiro[[2]benzofuran-1,9'-xanthene]-3',6'-bis(olate)"
O=C1OC2=CC=CC=C2C(O)=C1C1CCCC2=CC=CC=C21,Coumatetralyl
O=C1OC2=CC=CC=C2C(O)=C1CC1=C(O)C2=CC=CC=C2OC1=O,Dicoumarol
O=CC1=CC=C([N+](=O)[O-])C=C1,4-Nitrobenzaldehyde
O=CC1=CC=C2SC3=CC=CC=C3OC2=C1,3-Phenoxathiincarboxaldehyde
O=CC1=CC=CC2=CC=CC=C12,1-Naphthaldehyde
O=CC1=CC=CC=C1,Benzaldehyde
O=CC=CC=CC=CC1=CC=CC1,Unknown
O=NOCCC1=CC=CC=C1,"Nitrous acid, 2-phenylethyl ester"
O=P(O)(OC1=CC=CC=C1)OC1=CC=CC=C1,"Phosphoric acid, diphenyl ester"
O=S(=O)(O)C1=CC2=CC=C3C=CC=C4C=CC(=C1)C2=C34,Pyrene-2-sulfonic acid
O=S(=O)(O)C1=CC=C(N=NC2=CC=C(NC3=CC=CC=C3)C=C2)C=C1,"Benzenesulfonic acid, 4-(2-(4-(phenylamino)phenyl)diazenyl)-"
O=S(=O)(O)C1=CC=C(N=NC2=CC=C([O-])C3=CC=CC=C23)C=C1,4-[(4-Sulfophenyl)diazenyl]naphthalen-1-olate
O=S(=O)(O)C1=CC=C(O)C2=CC=CC=C12,1-Naphthol-4-sulfonic acid
O=S(=O)(O)C1=CC=C2C=C(NC3=CC=CC=C3)C=CC2=C1,6-(Phenylamino)naphthalene-2-sulfonic acid
O=S(=O)(O)C1=CC=C2C=C(S(=O)(=O)O)C(S(=O)(=O)O)=CC2=C1,"Naphthalene-2,3,6-trisulfonic acid"
O=S(=O)(O)C1=CC=C2C=C(S(=O)(=O)O)C=CC2=C1,"2,6-Naphthalenedisulfonic acid"
O=S(=O)(O)C1=CC=C2C=CC(S(=O)(=O)O)=CC2=C1,"2,7-Naphthalenedisulfonic acid"
O=S(=O)(O)C1=CC=C2C=CC=CC2=C1,2-Naphthalenesulfonic acid
O=S(=O)(O)C1=CC=CC2=CC=C(NC3=CC=CC=C3)C=C12,7-Anilinonaphthalene-1-sulfonic acid
O=S(=O)(O)C1=CC=CC2=CC=CC(NC3=CC=CC=C3)=C12,8-Anilino-1-naphthalenesulfonic acid
O=S(=O)(O)C1=CC=CC2=CC=CC=C12,1-Naphthalenesulfonic acid
O=S(=O)(O)NC1CCCCC1,Cyclamate
O=S(=O)([O-])C1=CC=C2C=C(S(=O)(=O)[O-])C(S(=O)(=O)[O-])=CC2=C1,"2,3,6-Naphthalenetrisulfonate"
O=S(=O)([O-])C1=CC=C2C=C(S(=O)(=O)[O-])C=CC2=C1,"2,6-Naphthalenedisulfonate"
O=S(=O)([O-])C1=CC=C2C=CC(S(=O)(=O)[O-])=CC2=C1,"2,7-Naphthalenedisulfonate"
O=S(=O)([O-])C1=CC=C2C=CC=CC2=C1,2-Naphthalenesulfonate
O=S(=O)([O-])C1=CC=CC2=CC=CC=C12,Naphthalene-1-sulfonate
O=S(=O)([O-])O/N=C(\CC1=CC=CC=C1)S[C@@H]1O[C@H](CO)[C@@H](O)[C@H](O)[C@H]1O,Unknown
O=[13C]1C=C([O-])C2=CC=CC=C2O1,CID 21788012
O=[N+]([O-])C1=CC=C(Cl)C=C1,1-Chloro-4-nitrobenzene
O=[N+]([O-])C1=CC=C(N2CCC2)C=C1,1-(4-Nitrophenyl)azetidine
O=[N+]([O-])C1=CC=C(N2CCCC2)C=C1,1-(4-Nitrophenyl)pyrrolidine
O=[N+]([O-])C1=CC=C(N2CCCCC2)C=C1,"Piperidine, 1-(4-nitrophenyl)-"
O=[N+]([O-])C1=CC=C(N2CCCCCC2)C=C1,"1H-Azepine, hexahydro-1-(4-nitrophenyl)-"
O=[N+]([O-])C1=CC=C(N2CCOCC2)C=C1,4-(4-Nitrophenyl)morpholine
O=[N+]([O-])C1=CC=C(O)C=C1,4-Nitrophenol
O=[N+]([O-])C1=CC=C(O[C@@H]2OC[C@@H](O)[C@H](O)[C@H]2O)C=C1,p-nitrophenyl beta-D-xylopyranoside
O=[N+]([O-])C1=CC=C([O-])C=C1,4-Nitrophenolate
O=[N+]([O-])C1=CC=CC(Cl)=C1,1-Chloro-3-nitrobenzene
O=[N+]([O-])C1=CC=CC([O-])=C1,3-Nitrophenolate
O=[N+]([O-])C1=CC=CC=C1,Nitrobenzene
O=[N+]([O-])C1=CC=CC=C1Cl,1-Chloro-2-nitrobenzene
O=[N+]([O-])C1=CC=CC=C1[O-],"Phenol, 2-nitro-, ion(1-)"
OC(CCCN1CCCCC1)(C1=CC=CC=C1)C1=CC=CC=C1,Diphenidol
OC(CCC[NH+]1CCCCC1)(C1=CC=CC=C1)C1=CC=CC=C1,"1,1-Diphenyl-4-piperidin-1-ium-1-ylbutan-1-ol"
OC1=CC(Br)=CC(Br)=C1,"3,5-Dibromophenol"
OC1=CC(Cl)=CC(Cl)=C1,"3,5-Dichlorophenol"
OC1=CC(Cl)=CC=C1OC1=CC=C(Cl)C=C1Cl,Triclosan
OC1=CC(O)=CC(O)=C1,Phloroglucinol
OC1=CC2=CC=CC=C2C=C1O,"2,3-Dihydroxynaphthalene"
OC1=CC=C(Br)C=C1,4-Bromophenol
OC1=CC=C(CC2=CC=C(O)C=C2)C=C1,Bis(4-hydroxyphenyl)methane
OC1=CC=C(Cl)C=C1,4-Chlorophenol
OC1=CC=C(I)C=C1,4-Iodophenol
OC1=CC=C(N2C=CN=C2)C=C1,1-(p-Hydroxyphenyl)imidazole
OC1=CC=C(O)C=C1,Hydroquinone
OC1=CC=C2C=CC(O)=CC2=C1,"2,7-Naphthalenediol"
OC1=CC=C2C=CC=CC2=C1,2-Naphthol
OC1=CC=C2C=CC=CC2=C1CC1=C(O)C=CC2=CC=CC=C12,"1,1'-Methylenebis(2-naphthalenol)"
OC1=CC=CC(Br)=C1,3-Bromophenol
OC1=CC=CC(Cl)=C1,3-Chlorophenol
OC1=CC=CC(I)=C1,3-Iodophenol
OC1=CC=CC(O)=C1,Resorcinol
OC1=CC=CC=C1C1=NC2=CC=CC=C2O1,2-(2-Benzoxazolyl)phenol
OC1=CC=CC=C1C1=NC2=CC=CC=C2S1,2-(2'-Hydroxyphenyl)benzothiazole
OC1=CC=CC=C1Cl,2-Chlorophenol
OC1=CC=CC=C1O,Catechol
OC1=CC=CN=C1,3-Hydroxypyridine
OC1CC2CCC(C1)C21C=N1,Unknown
OC1CCCC1,Cyclopentanol
OC1CCCCC1,Cyclohexanol
OC1CCCCCC1,Cycloheptanol
OC1CCCCCCC1,Cyclooctanol
OCC(O)COCC1=CC=CC=C1,"3-(Benzyloxy)-1,2-propanediol"
OCC12CCC(CC1)N=N2,"(2,3-Diazabicyclo[2.2.2]oct-2-en-1-yl)methanol"
OCC1=CC=C(O)C=C1,4-Hydroxybenzyl Alcohol
OCC1=CC=C2C=CC=CC2=C1,2-Naphthalenemethanol
OCC1=CC=CC2=CC=CC=C12,1-Naphthalenemethanol
OCC=CC=CC=CC1=CC=CC1,Unknown
OCCC1=CC=C(O)C=C1,Tyrosol
OCCC1=CC=CC=C1,2-Phenylethanol
OCCCC1=CC=C(O)C=C1,3-(4-Hydroxyphenyl)propanol
OCCCCCCCCCCO,"1,10-Decanediol"
OCCCCCCCCCO,"1,9-Nonanediol"
OCCCCCCCCO,"1,8-Octanediol"
OCCCCCCCO,"1,7-Heptanediol"
OCCCCCCO,"1,6-Hexanediol"
OCCOCCN1CCN(C(C2=CC=CC=C2)C2=CC=C(Cl)C=C2)CC1,Hydroxyzine
OC[C@@H](O)COCC1=CC=CC=C1,"(R)-3-(benzyloxy)propane-1,2-diol"
OC[C@@H]1OC(C2=CC=CC=C2)O[C@H]1CO,"(-)-2,3-o-Benzylidene-l-threitol"
OC[C@H]1OC(C2=CC=CC=C2)O[C@@H]1CO,"1,3-Dioxolane-4,5-dimethanol, 2-phenyl-, (4R,5R)-"
OC[C@H]1OC(O)[C@H](O)[C@@H](O)[C@@H]1O,D-Glucose
O[C@@H]1CCCC[C@H]1O,"trans-1,2-Cyclohexanediol"
O[C@H]1CCCC[C@H]1O,"cis-1,2-Cyclohexanediol"
S=C1N=CNC2=C1NC=N2,6-Mercaptopurine
[CH2]CCCCCCC,Octane
[NH3+]C12CC3CC(CC(C3)C1)C2,Adamantan-1-aminium
[NH3+]C1=CC=C(C=CC(=O)O)C=C1,[4-(2-Carboxyethenyl)phenyl]azanium
[NH3+]C1=CC=C(I)C=C1,(4-Iodophenyl)azanium
[NH3+]C1=CC=CC2=CC=CC=C12,Naphthalen-1-aminium
[NH3+]C1C2CC3CC(C2)CC1C3,2-Adamantylazanium
[NH3+]CC12CC3CC(CC(C3)C1)C2,1-Adamantylmethylazanium
[NH3+]CCCC1=CC=CC=C1,3-Phenylpropylazanium
[NH3+]CCCCC1=CC=CC=C1,4-Phenylbutylazanium
[O-]C1=CC=C(I)C=C1,4-Iodophenolate
